CustomerID,Name,Gender,Region
1,Customer 1,Female,West
2,Customer 2,Female,West
3,Customer 3,Female,East
4,Customer 4,Male,East
5,Customer 5,Male,North
6,Customer 6,Male,West
7,Customer 7,Female,East
8,Customer 8,Male,West
9,Customer 9,Female,North
10,Customer 10,Female,North
11,Customer 11,Male,West
12,Customer 12,Male,North
13,Customer 13,Female,West
14,Customer 14,Male,East
15,Customer 15,Female,North
16,Customer 16,Female,South
17,Customer 17,Male,North
18,Customer 18,Female,West
19,Customer 19,Male,South
20,Customer 20,Female,North
21,Customer 21,Male,West
22,Customer 22,Male,North
23,Customer 23,Female,East
24,Customer 24,Male,South
25,Customer 25,Female,West
26,Customer 26,Male,West
27,Customer 27,Male,East
28,Customer 28,Male,East
29,Customer 29,Female,West
30,Customer 30,Female,North
31,Customer 31,Male,North
32,Customer 32,Male,West
33,Customer 33,Female,East
34,Customer 34,Female,North
35,Customer 35,Female,West
36,Customer 36,Female,North
37,Customer 37,Female,East
38,Customer 38,Male,East
39,Customer 39,Male,South
40,Customer 40,Female,East
41,Customer 41,Male,North
42,Customer 42,Female,South
43,Customer 43,Female,East
44,Customer 44,Male,West
45,Customer 45,Female,South
46,Customer 46,Female,East
47,Customer 47,Female,West
48,Customer 48,Female,East
49,Customer 49,Male,East
50,Customer 50,Male,West
51,Customer 51,Female,West
52,Customer 52,Male,West
53,Customer 53,Female,West
54,Customer 54,Female,North
55,Customer 55,Male,East
56,Customer 56,Female,East
57,Customer 57,Male,North
58,Customer 58,Female,South
59,Customer 59,Male,North
60,Customer 60,Female,North
61,Customer 61,Male,North
62,Customer 62,Female,North
63,Customer 63,Female,South
64,Customer 64,Female,West
65,Customer 65,Male,East
66,Customer 66,Female,South
67,Customer 67,Female,North
68,Customer 68,Male,West
69,Customer 69,Female,South
70,Customer 70,Female,North
71,Customer 71,Female,North
72,Customer 72,Female,North
73,Customer 73,Female,West
74,Customer 74,Male,West
75,Customer 75,Female,West
76,Customer 76,Male,East
77,Customer 77,Male,East
78,Customer 78,Male,East
79,Customer 79,Female,North
80,Customer 80,Male,East
81,Customer 81,Female,West
82,Customer 82,Female,South
83,Customer 83,Male,South
84,Customer 84,Female,West
85,Customer 85,Female,North
86,Customer 86,Male,South
87,Customer 87,Female,West
88,Customer 88,Male,East
89,Customer 89,Male,West
90,Customer 90,Male,East
91,Customer 91,Female,East
92,Customer 92,Female,North
93,Customer 93,Male,North
94,Customer 94,Male,South
95,Customer 95,Male,East
96,Customer 96,Female,West
97,Customer 97,Male,North
98,Customer 98,Female,West
99,Customer 99,Male,East
100,Customer 100,Male,East
101,Customer 101,Male,West
102,Customer 102,Female,East
103,Customer 103,Female,North
104,Customer 104,Male,West
105,Customer 105,Female,East
106,Customer 106,Male,East
107,Customer 107,Male,East
108,Customer 108,Female,East
109,Customer 109,Female,East
110,Customer 110,Female,South
111,Customer 111,Female,West
112,Customer 112,Female,West
113,Customer 113,Male,South
114,Customer 114,Female,South
115,Customer 115,Male,South
116,Customer 116,Male,South
117,Customer 117,Male,South
118,Customer 118,Male,South
119,Customer 119,Male,North
120,Customer 120,Male,North
121,Customer 121,Male,South
122,Customer 122,Female,East
123,Customer 123,Female,South
124,Customer 124,Female,West
125,Customer 125,Female,South
126,Customer 126,Female,East
127,Customer 127,Female,South
128,Customer 128,Male,North
129,Customer 129,Female,South
130,Customer 130,Female,East
131,Customer 131,Female,West
132,Customer 132,Male,East
133,Customer 133,Male,West
134,Customer 134,Male,East
135,Customer 135,Male,South
136,Customer 136,Male,East
137,Customer 137,Female,North
138,Customer 138,Female,South
139,Customer 139,Male,East
140,Customer 140,Male,North
141,Customer 141,Female,South
142,Customer 142,Male,North
143,Customer 143,Female,North
144,Customer 144,Female,North
145,Customer 145,Male,West
146,Customer 146,Male,South
147,Customer 147,Male,North
148,Customer 148,Male,East
149,Customer 149,Male,West
150,Customer 150,Female,East
151,Customer 151,Male,North
152,Customer 152,Female,South
153,Customer 153,Male,North
154,Customer 154,Male,East
155,Customer 155,Male,North
156,Customer 156,Female,East
157,Customer 157,Female,East
158,Customer 158,Male,West
159,Customer 159,Female,East
160,Customer 160,Female,North
161,Customer 161,Male,South
162,Customer 162,Male,North
163,Customer 163,Female,East
164,Customer 164,Female,West
165,Customer 165,Male,South
166,Customer 166,Male,East
167,Customer 167,Female,North
168,Customer 168,Female,North
169,Customer 169,Male,South
170,Customer 170,Male,West
171,Customer 171,Female,West
172,Customer 172,Female,East
173,Customer 173,Female,South
174,Customer 174,Male,East
175,Customer 175,Male,West
176,Customer 176,Male,East
177,Customer 177,Male,East
178,Customer 178,Female,East
179,Customer 179,Female,East
180,Customer 180,Male,South
181,Customer 181,Female,South
182,Customer 182,Male,North
183,Customer 183,Female,South
184,Customer 184,Female,West
185,Customer 185,Female,West
186,Customer 186,Female,East
187,Customer 187,Female,West
188,Customer 188,Male,South
189,Customer 189,Male,North
190,Customer 190,Male,East
191,Customer 191,Female,West
192,Customer 192,Female,West
193,Customer 193,Female,West
194,Customer 194,Female,East
195,Customer 195,Female,East
196,Customer 196,Female,West
197,Customer 197,Female,East
198,Customer 198,Male,North
199,Customer 199,Female,North
200,Customer 200,Male,North
