OrderID,CustomerID,Date,Category,SubCategory,Product,Quantity,Sales,Cost,Region
1,194,2022-09-26,Clothing,Kids,Kids 6,1,265.33,167.87,South
2,97,2022-03-06,Furniture,Sofas,Sofas 36,4,577.25,420.46,South
3,187,2022-07-01,Clothing,Women,Women 10,4,1985.03,1218.43,West
4,148,2022-03-24,Electronics,Accessories,Accessories 35,2,72.96,62.62,North
5,4,2022-06-18,Clothing,Kids,Kids 22,3,249.58,162.15,West
6,161,2022-08-04,Electronics,Accessories,Accessories 31,2,441.61,325.1,South
7,174,2022-09-08,Furniture,Chairs,Chairs 3,5,904.27,746.18,West
8,152,2022-02-06,Clothing,Men,Men 38,2,666.04,518.31,North
9,84,2022-08-21,Electronics,Laptops,Laptops 25,3,200.13,143.93,North
10,180,2022-04-14,Furniture,Tables,Tables 11,4,635.96,470.56,South
11,33,2022-04-21,Furniture,Chairs,Chairs 25,4,1352.73,1150.1,East
12,115,2022-01-17,Furniture,Sofas,Sofas 48,2,84.54,64.9,West
13,135,2022-06-13,Electronics,Accessories,Accessories 19,1,1737.55,1134.68,East
14,28,2022-07-02,Furniture,Chairs,Chairs 27,5,310.36,234.18,East
15,152,2022-01-07,Furniture,Chairs,Chairs 1,3,1268.05,1112.81,South
16,14,2022-03-20,Furniture,Tables,Tables 13,5,876.48,633.54,East
17,48,2022-12-22,Furniture,Tables,Tables 40,4,821.79,580.18,West
18,191,2022-10-24,Furniture,Sofas,Sofas 12,1,257.62,163.83,North
19,164,2022-04-12,Furniture,Sofas,Sofas 12,3,762.95,591.38,North
20,88,2022-03-18,Clothing,Men,Men 21,2,1775.42,1527.92,West
21,138,2022-10-10,Furniture,Sofas,Sofas 1,3,682.36,540.53,North
22,15,2022-01-27,Clothing,Women,Women 39,1,86.17,66.51,East
23,74,2022-12-21,Electronics,Mobiles,Mobiles 39,3,1032.53,755.89,West
24,116,2022-05-15,Clothing,Men,Men 3,1,627.65,382.51,South
25,86,2022-02-19,Electronics,Mobiles,Mobiles 47,4,359.13,227.57,North
26,123,2022-03-22,Clothing,Men,Men 47,5,284.33,241.89,North
27,154,2022-04-24,Furniture,Sofas,Sofas 21,2,1520.68,974.95,West
28,61,2022-07-23,Furniture,Sofas,Sofas 15,1,299.1,228.75,East
29,14,2022-05-15,Clothing,Kids,Kids 38,2,1217.8,745.56,North
30,152,2022-06-24,Electronics,Laptops,Laptops 6,5,177.14,148.29,East
31,89,2022-04-26,Clothing,Women,Women 7,1,202.52,155.1,North
32,167,2022-10-25,Electronics,Accessories,Accessories 24,4,550.57,381.69,West
33,180,2022-08-12,Electronics,Laptops,Laptops 8,3,1768.38,1139.79,East
34,166,2022-03-14,Clothing,Men,Men 41,2,1427.14,888.95,East
35,135,2022-11-11,Clothing,Kids,Kids 22,3,303.71,264.63,North
36,146,2022-03-21,Clothing,Kids,Kids 47,5,1419.23,1191.79,South
37,169,2022-04-11,Clothing,Women,Women 40,2,189.98,133.85,East
38,190,2022-09-24,Clothing,Women,Women 18,2,227.57,183.91,North
39,73,2022-01-04,Furniture,Tables,Tables 14,2,1763.34,1247.93,West
40,52,2022-03-10,Clothing,Kids,Kids 35,3,1371.39,1213.17,North
41,43,2022-12-07,Clothing,Kids,Kids 31,4,1801.53,1437.45,South
42,32,2022-12-26,Electronics,Mobiles,Mobiles 40,1,408.82,366.23,East
43,160,2022-12-23,Electronics,Laptops,Laptops 10,1,758.03,595.9,South
44,94,2022-04-23,Furniture,Chairs,Chairs 36,3,814.12,692.98,West
45,175,2022-09-10,Clothing,Kids,Kids 4,4,1024.94,756.17,North
46,123,2022-04-17,Clothing,Women,Women 27,4,627.58,452.56,East
47,140,2022-01-20,Electronics,Mobiles,Mobiles 29,3,59.64,47.89,West
48,114,2022-08-22,Clothing,Men,Men 12,1,1766.9,1524.16,West
49,96,2022-06-03,Electronics,Mobiles,Mobiles 9,5,1130.48,774.2,West
50,195,2022-06-24,Electronics,Laptops,Laptops 36,3,1069.9,661.03,South
51,168,2022-03-19,Clothing,Women,Women 4,4,658.57,557.74,South
52,132,2022-07-28,Furniture,Sofas,Sofas 45,4,1002.01,880.97,East
53,153,2022-12-07,Electronics,Accessories,Accessories 8,5,350.63,254.48,West
54,49,2022-04-16,Electronics,Laptops,Laptops 28,1,1237.79,908.36,North
55,25,2022-09-21,Furniture,Chairs,Chairs 30,3,1556.2,1087.11,North
56,90,2022-05-28,Electronics,Accessories,Accessories 49,3,789.4,526.96,East
57,73,2022-05-15,Clothing,Women,Women 4,3,1963.0,1352.58,East
58,140,2022-06-02,Clothing,Women,Women 24,1,1848.95,1299.68,South
59,101,2022-07-12,Electronics,Accessories,Accessories 43,1,855.73,658.25,East
60,181,2022-12-23,Clothing,Women,Women 18,3,819.51,640.32,South
61,109,2022-07-19,Electronics,Mobiles,Mobiles 6,3,1417.51,982.86,East
62,79,2022-07-09,Clothing,Women,Women 31,2,1898.93,1542.86,East
63,99,2022-09-01,Furniture,Sofas,Sofas 19,5,1382.38,907.94,East
64,90,2022-07-28,Clothing,Women,Women 49,2,820.09,531.09,West
65,39,2022-03-24,Furniture,Tables,Tables 6,4,1077.62,756.83,North
66,82,2022-10-16,Electronics,Accessories,Accessories 10,3,395.08,337.22,West
67,40,2022-02-28,Clothing,Women,Women 43,1,725.31,519.71,North
68,195,2022-12-08,Clothing,Men,Men 10,4,188.58,135.09,East
69,193,2022-12-05,Clothing,Men,Men 15,4,666.18,542.76,South
70,88,2022-10-26,Electronics,Accessories,Accessories 46,2,1121.8,965.35,West
71,174,2022-04-02,Clothing,Kids,Kids 23,4,388.65,349.18,East
72,116,2022-05-03,Clothing,Kids,Kids 2,4,926.05,675.01,North
73,98,2022-01-15,Clothing,Kids,Kids 28,4,75.53,65.85,East
74,55,2022-11-02,Furniture,Tables,Tables 19,2,260.85,171.36,North
75,169,2022-11-14,Electronics,Accessories,Accessories 50,2,167.01,127.16,East
76,187,2022-06-26,Clothing,Men,Men 50,4,135.07,119.38,East
77,85,2022-09-13,Electronics,Accessories,Accessories 32,2,1145.29,969.17,South
78,88,2022-12-06,Electronics,Accessories,Accessories 49,5,409.85,295.02,West
79,63,2022-10-02,Clothing,Women,Women 5,2,1830.24,1618.0,North
80,14,2022-01-15,Furniture,Tables,Tables 24,5,1997.51,1758.41,West
81,149,2022-04-28,Electronics,Mobiles,Mobiles 32,5,1091.75,720.3,North
82,116,2022-11-02,Clothing,Women,Women 20,5,505.24,326.81,South
83,91,2022-11-15,Furniture,Chairs,Chairs 26,4,730.95,528.2,North
84,122,2022-02-21,Clothing,Men,Men 37,3,481.93,368.84,East
85,167,2022-11-03,Clothing,Women,Women 20,2,1395.63,855.26,West
86,184,2022-08-27,Electronics,Mobiles,Mobiles 10,1,1888.28,1442.13,East
87,190,2022-07-21,Clothing,Women,Women 46,1,294.83,221.13,South
88,84,2022-04-21,Electronics,Accessories,Accessories 19,5,422.34,356.61,South
89,149,2022-10-25,Furniture,Tables,Tables 32,5,1215.85,810.64,South
90,55,2022-09-11,Clothing,Women,Women 37,4,670.55,529.6,East
91,110,2022-09-02,Clothing,Kids,Kids 2,3,1829.67,1170.21,West
92,175,2022-08-19,Furniture,Chairs,Chairs 1,1,1470.64,1227.98,South
93,103,2022-12-04,Furniture,Chairs,Chairs 36,1,1137.21,801.0,North
94,65,2022-03-15,Clothing,Men,Men 21,2,112.37,86.17,East
95,175,2022-01-27,Furniture,Chairs,Chairs 47,2,1894.62,1605.47,South
96,136,2022-11-09,Clothing,Women,Women 11,4,50.36,42.63,West
97,34,2022-04-18,Electronics,Mobiles,Mobiles 48,1,1530.31,1151.97,North
98,115,2022-04-24,Clothing,Men,Men 26,2,938.75,614.79,East
99,37,2022-03-12,Furniture,Tables,Tables 38,5,1514.85,980.36,East
100,157,2022-12-01,Clothing,Women,Women 41,1,1625.61,1226.6,South
101,58,2022-05-27,Clothing,Women,Women 42,2,93.82,69.61,South
102,131,2022-04-21,Furniture,Chairs,Chairs 6,3,1378.83,1007.7,South
103,1,2022-09-03,Clothing,Kids,Kids 13,4,878.74,769.3,South
104,145,2022-03-01,Furniture,Chairs,Chairs 16,1,1422.15,972.95,East
105,118,2022-06-11,Electronics,Mobiles,Mobiles 15,4,1534.32,1100.39,East
106,94,2022-09-02,Clothing,Men,Men 20,4,1091.32,684.38,East
107,41,2022-01-28,Clothing,Men,Men 30,3,1779.83,1275.38,West
108,141,2022-12-08,Electronics,Mobiles,Mobiles 35,2,689.72,538.71,South
109,131,2022-05-24,Clothing,Kids,Kids 46,5,894.14,717.12,East
110,103,2022-12-19,Electronics,Mobiles,Mobiles 26,5,127.65,100.5,South
111,41,2022-08-07,Clothing,Kids,Kids 30,1,554.73,367.21,West
112,75,2022-09-18,Furniture,Tables,Tables 9,2,1272.22,1010.06,East
113,143,2022-10-05,Electronics,Laptops,Laptops 16,4,495.99,307.82,North
114,76,2022-04-26,Electronics,Accessories,Accessories 17,2,348.78,216.94,West
115,148,2022-07-15,Electronics,Laptops,Laptops 38,3,1273.88,1123.02,North
116,198,2022-10-17,Furniture,Sofas,Sofas 22,5,250.95,173.93,North
117,12,2022-05-05,Clothing,Kids,Kids 30,5,1533.09,1131.17,North
118,179,2022-01-25,Electronics,Mobiles,Mobiles 10,4,1971.72,1584.02,East
119,33,2022-12-17,Furniture,Sofas,Sofas 15,5,556.81,475.24,West
120,113,2022-01-12,Furniture,Sofas,Sofas 13,4,528.93,389.59,East
121,143,2022-06-11,Electronics,Accessories,Accessories 13,4,488.98,334.85,West
122,199,2022-11-13,Clothing,Men,Men 22,3,814.44,613.72,East
123,125,2022-12-25,Clothing,Women,Women 10,2,323.18,254.74,South
124,122,2022-10-15,Furniture,Chairs,Chairs 30,1,1990.3,1256.05,North
125,68,2022-12-12,Clothing,Women,Women 34,3,520.13,406.91,South
126,98,2022-01-27,Clothing,Women,Women 15,3,840.69,724.01,North
127,3,2022-10-16,Furniture,Chairs,Chairs 44,1,1263.62,1011.06,North
128,91,2022-08-26,Furniture,Tables,Tables 5,1,301.16,236.46,South
129,13,2022-08-04,Clothing,Kids,Kids 49,3,1487.98,943.73,North
130,153,2022-03-18,Furniture,Chairs,Chairs 16,4,1319.36,1017.23,East
131,4,2022-12-22,Electronics,Mobiles,Mobiles 38,1,400.4,303.52,East
132,189,2022-10-27,Furniture,Tables,Tables 43,4,1464.15,899.96,North
133,92,2022-12-26,Clothing,Women,Women 8,2,428.45,283.73,East
134,194,2022-04-20,Electronics,Mobiles,Mobiles 50,2,1974.97,1493.61,East
135,166,2022-11-26,Furniture,Tables,Tables 30,5,212.53,167.31,North
136,13,2022-06-16,Clothing,Women,Women 22,5,513.53,340.09,North
137,70,2022-10-09,Furniture,Sofas,Sofas 41,2,245.07,175.33,North
138,66,2022-02-19,Electronics,Accessories,Accessories 34,5,1228.83,984.66,East
139,29,2022-09-16,Furniture,Sofas,Sofas 43,3,1523.97,1014.59,West
140,56,2022-02-28,Furniture,Tables,Tables 41,5,1241.76,781.49,East
141,77,2022-09-14,Electronics,Laptops,Laptops 1,5,1670.73,1349.84,South
142,173,2022-08-19,Furniture,Sofas,Sofas 35,4,1200.09,954.45,North
143,112,2022-12-10,Furniture,Tables,Tables 4,3,1579.83,1184.61,South
144,4,2022-05-17,Furniture,Tables,Tables 5,5,123.02,106.51,West
145,1,2022-03-03,Furniture,Sofas,Sofas 37,5,312.64,194.55,South
146,137,2022-07-10,Furniture,Tables,Tables 5,2,1974.14,1520.98,West
147,144,2022-07-09,Furniture,Sofas,Sofas 29,3,1751.56,1498.29,East
148,6,2022-09-23,Electronics,Mobiles,Mobiles 7,5,110.0,72.35,South
149,92,2022-08-18,Furniture,Tables,Tables 42,4,708.49,618.6,East
150,56,2022-01-10,Clothing,Kids,Kids 2,4,1470.49,1220.18,West
151,20,2022-06-23,Furniture,Sofas,Sofas 11,3,419.66,305.08,East
152,172,2022-12-03,Clothing,Women,Women 19,5,486.58,310.91,East
153,91,2022-06-11,Electronics,Accessories,Accessories 36,2,1536.22,1378.44,West
154,50,2022-05-15,Electronics,Accessories,Accessories 34,1,879.46,701.11,West
155,118,2022-11-07,Electronics,Laptops,Laptops 47,5,1220.4,990.47,South
156,14,2022-09-15,Clothing,Kids,Kids 44,3,565.92,490.02,South
157,69,2022-10-11,Furniture,Chairs,Chairs 19,3,1396.17,1225.03,West
158,148,2022-08-02,Furniture,Sofas,Sofas 10,4,234.14,205.19,South
159,17,2022-11-14,Electronics,Accessories,Accessories 35,1,585.05,404.85,West
160,191,2022-01-01,Clothing,Men,Men 14,2,1032.26,763.57,North
161,103,2022-12-25,Clothing,Men,Men 14,5,1231.52,778.27,East
162,61,2022-05-03,Clothing,Men,Men 38,2,1361.7,843.72,North
163,118,2022-07-12,Furniture,Chairs,Chairs 50,5,595.7,468.59,West
164,62,2022-04-18,Clothing,Women,Women 48,3,1217.43,1057.48,North
165,58,2022-10-28,Electronics,Mobiles,Mobiles 9,1,1534.28,1155.55,North
166,153,2022-09-22,Clothing,Women,Women 26,1,727.98,633.4,West
167,55,2022-11-08,Clothing,Kids,Kids 47,1,1723.83,1522.81,West
168,68,2022-07-02,Furniture,Tables,Tables 45,2,383.37,273.57,East
169,162,2022-03-21,Clothing,Kids,Kids 3,2,644.73,419.04,South
170,162,2022-08-06,Electronics,Accessories,Accessories 18,1,329.95,264.08,South
171,141,2022-12-24,Furniture,Sofas,Sofas 8,1,1969.23,1552.32,South
172,141,2022-11-23,Furniture,Chairs,Chairs 3,2,1887.56,1544.77,East
173,51,2022-06-08,Furniture,Tables,Tables 15,5,1502.75,1289.4,South
174,62,2022-06-06,Furniture,Chairs,Chairs 41,1,1298.06,912.2,West
175,11,2022-12-04,Furniture,Chairs,Chairs 14,5,661.9,595.64,West
176,108,2022-09-24,Clothing,Kids,Kids 38,2,1046.91,654.95,South
177,29,2022-06-26,Furniture,Tables,Tables 42,4,1540.09,1216.34,South
178,113,2022-08-24,Furniture,Tables,Tables 50,5,1225.22,905.48,South
179,50,2022-12-12,Electronics,Laptops,Laptops 29,4,1909.55,1524.89,East
180,11,2022-01-11,Electronics,Mobiles,Mobiles 11,3,1425.47,1213.47,South
181,88,2022-09-24,Furniture,Chairs,Chairs 15,3,1033.7,651.51,East
182,164,2022-01-22,Electronics,Mobiles,Mobiles 32,4,493.48,304.9,West
183,118,2022-10-08,Furniture,Tables,Tables 47,5,1180.99,791.07,East
184,74,2022-01-07,Furniture,Chairs,Chairs 31,1,437.58,312.62,South
185,199,2022-06-01,Clothing,Kids,Kids 47,2,405.67,332.68,East
186,55,2022-09-27,Furniture,Sofas,Sofas 2,3,1486.31,1226.06,East
187,97,2022-04-17,Electronics,Mobiles,Mobiles 23,2,1964.05,1604.12,North
188,147,2022-10-15,Electronics,Mobiles,Mobiles 14,4,1346.14,1062.4,North
189,48,2022-03-23,Electronics,Laptops,Laptops 8,4,1701.97,1364.98,South
190,98,2022-05-22,Clothing,Kids,Kids 48,2,951.63,705.69,North
191,39,2022-01-12,Clothing,Women,Women 33,4,374.64,276.63,West
192,50,2022-04-23,Electronics,Accessories,Accessories 3,2,793.04,586.51,East
193,56,2022-01-17,Furniture,Sofas,Sofas 48,3,1799.56,1316.73,West
194,14,2022-04-07,Furniture,Chairs,Chairs 17,2,1623.63,1217.87,West
195,37,2022-04-24,Electronics,Accessories,Accessories 16,5,120.5,93.02,North
196,198,2022-12-15,Clothing,Women,Women 34,5,1593.67,1213.93,North
197,178,2022-10-16,Electronics,Mobiles,Mobiles 28,2,717.04,507.78,East
198,118,2022-01-03,Electronics,Laptops,Laptops 35,2,1193.7,1070.98,North
199,107,2022-01-03,Clothing,Kids,Kids 27,2,1611.8,1072.18,East
200,108,2022-11-24,Electronics,Mobiles,Mobiles 16,5,1964.06,1537.61,South
201,196,2022-04-17,Clothing,Men,Men 23,1,1409.08,995.74,East
202,150,2022-03-15,Clothing,Men,Men 5,2,1266.49,1020.13,South
203,60,2022-08-23,Furniture,Sofas,Sofas 7,3,1036.72,640.51,West
204,106,2022-02-27,Furniture,Tables,Tables 13,1,1306.28,963.07,West
205,70,2022-03-19,Electronics,Laptops,Laptops 37,3,1392.35,1196.22,West
206,4,2022-06-12,Furniture,Chairs,Chairs 7,5,1868.36,1656.34,East
207,197,2022-09-16,Furniture,Tables,Tables 50,2,1398.63,1033.07,East
208,23,2022-10-06,Clothing,Men,Men 46,1,1575.61,1223.37,East
209,196,2022-11-07,Clothing,Women,Women 28,3,1689.04,1023.87,South
210,46,2022-07-13,Clothing,Women,Women 32,5,999.63,781.42,North
211,69,2022-07-08,Electronics,Accessories,Accessories 1,1,1733.85,1187.2,South
212,110,2022-01-10,Electronics,Accessories,Accessories 34,1,1736.08,1224.61,North
213,195,2022-10-25,Furniture,Tables,Tables 25,3,156.74,117.83,East
214,57,2022-11-05,Clothing,Kids,Kids 19,2,1819.27,1289.87,North
215,39,2022-08-22,Clothing,Kids,Kids 45,1,1878.32,1371.52,South
216,11,2022-06-03,Electronics,Mobiles,Mobiles 18,4,786.97,700.96,West
217,54,2022-11-03,Clothing,Women,Women 22,2,1233.12,990.66,East
218,158,2022-11-26,Electronics,Accessories,Accessories 7,4,1025.35,742.07,North
219,151,2022-02-03,Furniture,Tables,Tables 15,2,740.68,665.87,West
220,104,2022-12-09,Clothing,Kids,Kids 14,5,1468.7,1069.89,West
221,159,2022-03-23,Furniture,Sofas,Sofas 40,1,1940.8,1635.14,South
222,11,2022-12-28,Electronics,Accessories,Accessories 7,2,1738.78,1272.72,West
223,149,2022-11-16,Clothing,Women,Women 28,3,162.89,106.15,East
224,97,2022-08-09,Furniture,Sofas,Sofas 37,2,1133.27,950.97,South
225,98,2022-03-24,Electronics,Laptops,Laptops 12,1,1396.81,1140.4,East
226,4,2022-06-15,Clothing,Kids,Kids 2,2,1915.55,1320.98,South
227,179,2022-09-12,Clothing,Men,Men 3,2,894.39,580.44,North
228,49,2022-08-28,Furniture,Sofas,Sofas 4,4,642.94,514.28,South
229,199,2022-02-07,Clothing,Men,Men 47,4,1655.62,1414.74,North
230,30,2022-02-28,Electronics,Accessories,Accessories 7,4,688.0,582.61,North
231,199,2022-03-06,Furniture,Tables,Tables 33,4,1287.93,958.24,South
232,200,2022-02-13,Clothing,Men,Men 17,1,281.71,230.96,East
233,176,2022-04-05,Electronics,Accessories,Accessories 27,3,485.4,395.39,West
234,175,2022-07-15,Clothing,Kids,Kids 7,3,1474.09,986.5,North
235,69,2022-11-23,Clothing,Men,Men 25,4,1714.56,1168.44,South
236,52,2022-04-11,Clothing,Kids,Kids 37,2,916.39,818.67,East
237,22,2022-11-09,Electronics,Mobiles,Mobiles 22,1,1345.51,1174.81,South
238,152,2022-08-11,Electronics,Mobiles,Mobiles 38,2,1544.67,1252.74,East
239,177,2022-05-15,Electronics,Accessories,Accessories 7,5,625.96,432.16,West
240,46,2022-08-01,Furniture,Tables,Tables 33,3,592.1,416.32,East
241,23,2022-11-01,Furniture,Tables,Tables 42,1,563.31,501.15,North
242,95,2022-05-27,Electronics,Mobiles,Mobiles 2,1,1498.85,1153.77,West
243,19,2022-11-18,Clothing,Women,Women 46,3,1896.31,1402.23,North
244,157,2022-09-20,Electronics,Laptops,Laptops 32,5,1042.21,857.37,West
245,50,2022-11-10,Clothing,Women,Women 47,4,609.52,451.11,South
246,168,2022-12-28,Electronics,Accessories,Accessories 19,2,1518.88,1361.09,West
247,196,2022-08-02,Clothing,Women,Women 7,1,1088.65,813.82,East
248,64,2022-08-22,Furniture,Sofas,Sofas 50,1,1382.45,1001.92,West
249,200,2022-07-01,Clothing,Women,Women 47,5,1766.82,1288.54,East
250,128,2022-06-01,Electronics,Laptops,Laptops 27,1,1144.72,868.09,North
251,54,2022-07-11,Furniture,Tables,Tables 32,5,1018.58,722.97,North
252,39,2022-06-08,Electronics,Laptops,Laptops 49,2,914.94,778.0,West
253,141,2022-01-12,Furniture,Sofas,Sofas 21,3,176.21,141.38,North
254,11,2022-07-06,Furniture,Tables,Tables 11,4,1357.95,1189.54,West
255,137,2022-02-15,Clothing,Kids,Kids 38,5,1250.21,1084.98,East
256,15,2022-03-28,Electronics,Accessories,Accessories 25,1,1919.07,1204.94,West
257,4,2022-11-23,Furniture,Sofas,Sofas 48,1,1112.0,880.87,East
258,51,2022-09-08,Electronics,Mobiles,Mobiles 11,2,274.8,211.45,East
259,176,2022-10-08,Electronics,Laptops,Laptops 23,3,742.46,539.99,North
260,141,2022-05-21,Furniture,Tables,Tables 14,4,1443.95,867.38,North
261,72,2022-09-12,Electronics,Accessories,Accessories 25,2,876.93,716.77,East
262,195,2022-01-04,Furniture,Tables,Tables 15,3,1272.6,1135.72,West
263,43,2022-07-05,Furniture,Chairs,Chairs 12,1,1360.57,1141.22,South
264,20,2022-03-18,Electronics,Accessories,Accessories 50,2,1948.75,1547.52,West
265,1,2022-01-05,Clothing,Men,Men 25,4,1376.07,1168.08,South
266,180,2022-05-07,Electronics,Mobiles,Mobiles 6,2,1512.73,1005.93,East
267,53,2022-02-12,Furniture,Chairs,Chairs 19,3,363.58,229.21,East
268,55,2022-09-12,Furniture,Chairs,Chairs 22,1,1281.88,956.7,North
269,43,2022-04-01,Furniture,Chairs,Chairs 3,1,1802.58,1120.22,East
270,145,2022-10-21,Electronics,Mobiles,Mobiles 50,1,213.19,181.52,West
271,50,2022-01-20,Clothing,Kids,Kids 38,4,1230.64,1018.33,South
272,52,2022-02-17,Furniture,Sofas,Sofas 18,3,1888.85,1437.34,North
273,128,2022-04-14,Electronics,Laptops,Laptops 21,3,1361.11,918.91,West
274,92,2022-08-12,Furniture,Tables,Tables 34,2,313.83,229.31,North
275,72,2022-03-14,Clothing,Kids,Kids 22,3,468.53,316.64,North
276,94,2022-02-15,Clothing,Women,Women 42,4,896.64,652.53,East
277,154,2022-08-06,Electronics,Mobiles,Mobiles 10,5,1433.55,1176.57,East
278,45,2022-10-16,Furniture,Tables,Tables 45,2,1346.46,1138.67,South
279,20,2022-01-14,Furniture,Sofas,Sofas 12,3,1324.11,962.13,South
280,82,2022-09-27,Electronics,Mobiles,Mobiles 14,4,1592.52,1329.66,South
281,159,2022-12-13,Electronics,Mobiles,Mobiles 9,3,806.98,495.73,North
282,57,2022-05-16,Electronics,Accessories,Accessories 29,1,441.18,339.22,South
283,197,2022-11-18,Clothing,Men,Men 25,2,905.58,790.99,West
284,11,2022-10-02,Clothing,Kids,Kids 26,3,777.15,517.8,East
285,128,2022-04-06,Electronics,Laptops,Laptops 35,5,1626.23,993.05,East
286,190,2022-01-16,Furniture,Sofas,Sofas 3,4,1859.18,1379.47,North
287,15,2022-12-04,Furniture,Tables,Tables 7,3,1398.34,1202.82,West
288,171,2022-07-09,Furniture,Tables,Tables 36,4,1158.79,1030.28,South
289,100,2022-12-21,Clothing,Women,Women 29,1,185.19,131.67,West
290,53,2022-02-20,Furniture,Chairs,Chairs 13,1,1310.76,1077.47,East
291,55,2022-08-17,Electronics,Laptops,Laptops 27,5,1744.24,1531.44,West
292,89,2022-08-22,Electronics,Accessories,Accessories 23,2,591.87,382.87,West
293,110,2022-08-13,Electronics,Laptops,Laptops 37,1,1236.79,839.3,East
294,160,2022-02-16,Electronics,Mobiles,Mobiles 17,2,1079.92,775.52,South
295,69,2022-03-23,Furniture,Tables,Tables 20,3,1283.92,847.01,East
296,70,2022-10-10,Furniture,Chairs,Chairs 33,5,1109.55,953.09,West
297,29,2022-04-06,Electronics,Laptops,Laptops 30,4,1650.34,1439.43,North
298,58,2022-03-10,Electronics,Mobiles,Mobiles 40,1,932.1,647.46,South
299,30,2022-11-10,Furniture,Sofas,Sofas 47,1,1976.77,1507.82,North
300,193,2022-07-04,Clothing,Women,Women 45,3,1290.59,1109.81,East
301,44,2022-02-24,Furniture,Tables,Tables 5,4,506.18,414.49,East
302,137,2022-11-07,Electronics,Laptops,Laptops 29,1,1725.63,1217.79,West
303,166,2022-01-21,Electronics,Mobiles,Mobiles 12,5,954.23,617.07,West
304,200,2022-08-08,Clothing,Women,Women 45,5,965.36,583.84,East
305,195,2022-04-19,Electronics,Mobiles,Mobiles 29,4,1875.65,1559.61,South
306,129,2022-07-22,Electronics,Laptops,Laptops 24,4,393.09,332.23,East
307,25,2022-11-13,Clothing,Women,Women 49,2,1810.39,1324.1,West
308,84,2022-05-07,Clothing,Women,Women 18,5,1276.76,813.89,West
309,117,2022-11-06,Furniture,Tables,Tables 21,3,202.65,136.04,East
310,61,2022-09-11,Clothing,Women,Women 28,3,1114.68,991.77,West
311,87,2022-03-20,Clothing,Men,Men 17,5,538.02,449.13,South
312,112,2022-11-10,Furniture,Sofas,Sofas 47,1,117.98,93.22,South
313,135,2022-10-23,Furniture,Chairs,Chairs 16,4,834.58,610.34,West
314,87,2022-02-22,Electronics,Accessories,Accessories 39,4,1607.4,1069.34,South
315,12,2022-01-25,Electronics,Mobiles,Mobiles 15,4,429.2,385.85,East
316,172,2022-02-27,Electronics,Mobiles,Mobiles 32,3,1809.67,1559.2,North
317,192,2022-03-17,Electronics,Mobiles,Mobiles 5,5,619.69,397.33,East
318,200,2022-04-07,Electronics,Laptops,Laptops 14,4,1904.83,1537.84,East
319,146,2022-10-09,Electronics,Mobiles,Mobiles 38,3,483.95,365.31,South
320,136,2022-10-15,Furniture,Sofas,Sofas 41,3,228.11,181.44,West
321,67,2022-06-25,Clothing,Kids,Kids 31,1,351.95,284.3,West
322,33,2022-11-09,Electronics,Mobiles,Mobiles 18,3,101.9,74.73,South
323,176,2022-08-10,Furniture,Sofas,Sofas 7,2,1911.71,1206.91,South
324,21,2022-03-10,Electronics,Mobiles,Mobiles 4,3,1396.11,1025.97,North
325,134,2022-08-28,Furniture,Sofas,Sofas 31,1,1691.65,1506.08,South
326,111,2022-11-14,Electronics,Accessories,Accessories 10,3,1791.55,1484.81,South
327,83,2022-09-21,Clothing,Kids,Kids 24,2,808.93,536.98,North
328,185,2022-04-23,Electronics,Accessories,Accessories 28,3,199.29,138.08,North
329,106,2022-06-19,Electronics,Accessories,Accessories 23,3,600.24,369.16,South
330,70,2022-10-10,Clothing,Men,Men 28,2,1925.85,1664.95,West
331,194,2022-02-23,Clothing,Kids,Kids 23,2,1674.66,1295.93,North
332,77,2022-10-07,Furniture,Tables,Tables 33,3,1714.69,1491.65,East
333,143,2022-08-18,Furniture,Sofas,Sofas 9,5,1445.64,1278.79,East
334,173,2022-02-06,Clothing,Men,Men 27,5,1166.57,928.6,South
335,179,2022-05-23,Furniture,Tables,Tables 8,2,407.62,258.09,East
336,105,2022-09-10,Electronics,Accessories,Accessories 13,4,1826.18,1386.99,West
337,37,2022-03-21,Furniture,Tables,Tables 8,2,478.57,410.11,West
338,105,2022-05-25,Furniture,Sofas,Sofas 37,5,1869.04,1589.32,North
339,21,2022-12-08,Clothing,Kids,Kids 31,3,1402.82,1098.0,North
340,200,2022-06-15,Furniture,Tables,Tables 25,4,1195.76,824.16,North
341,39,2022-08-17,Clothing,Women,Women 32,4,140.66,109.88,North
342,121,2022-11-09,Electronics,Mobiles,Mobiles 40,5,1099.27,904.18,West
343,186,2022-11-26,Electronics,Accessories,Accessories 39,2,1752.56,1392.9,North
344,17,2022-11-15,Electronics,Laptops,Laptops 7,2,739.61,533.83,South
345,194,2022-09-19,Clothing,Women,Women 37,3,1799.85,1575.27,North
346,64,2022-05-14,Furniture,Sofas,Sofas 43,4,824.08,507.95,North
347,42,2022-03-25,Furniture,Chairs,Chairs 23,3,1447.29,1187.65,South
348,6,2022-08-17,Electronics,Laptops,Laptops 48,1,1401.32,1205.44,South
349,37,2022-11-08,Furniture,Tables,Tables 17,5,514.42,410.37,West
350,100,2022-09-17,Electronics,Mobiles,Mobiles 39,3,1385.39,1083.85,South
351,60,2022-12-05,Electronics,Mobiles,Mobiles 44,3,1933.24,1433.43,South
352,124,2022-11-14,Electronics,Accessories,Accessories 29,3,1464.55,1107.03,North
353,56,2022-12-02,Clothing,Women,Women 16,3,1741.77,1496.04,West
354,47,2022-03-22,Clothing,Kids,Kids 25,2,1449.36,888.03,North
355,164,2022-08-27,Clothing,Men,Men 5,5,1941.2,1432.24,East
356,87,2022-08-19,Furniture,Chairs,Chairs 1,3,1554.43,1006.6,South
357,129,2022-06-10,Electronics,Accessories,Accessories 32,4,766.21,599.7,South
358,123,2022-01-24,Electronics,Mobiles,Mobiles 9,3,1080.86,893.59,South
359,116,2022-05-28,Electronics,Accessories,Accessories 46,5,452.1,355.44,North
360,100,2022-08-08,Electronics,Mobiles,Mobiles 20,3,431.7,378.05,West
361,110,2022-07-19,Furniture,Chairs,Chairs 7,4,857.87,596.28,South
362,162,2022-11-16,Electronics,Accessories,Accessories 35,5,472.81,290.62,North
363,200,2022-06-07,Electronics,Laptops,Laptops 48,2,1702.74,1147.66,North
364,100,2022-01-09,Electronics,Laptops,Laptops 23,5,1108.38,894.82,North
365,15,2022-04-08,Furniture,Sofas,Sofas 30,4,1885.63,1674.89,West
366,117,2022-07-17,Clothing,Men,Men 34,2,1139.13,765.02,East
367,129,2022-06-05,Electronics,Accessories,Accessories 40,1,766.38,653.39,East
368,46,2022-12-07,Furniture,Tables,Tables 49,4,695.97,419.22,West
369,57,2022-09-23,Furniture,Chairs,Chairs 29,5,459.85,284.8,East
370,192,2022-04-07,Furniture,Chairs,Chairs 30,1,273.87,229.73,East
371,186,2022-08-24,Furniture,Sofas,Sofas 26,2,1926.35,1286.16,South
372,170,2022-01-12,Furniture,Sofas,Sofas 36,3,881.38,626.19,North
373,163,2022-07-08,Electronics,Accessories,Accessories 10,5,1759.97,1427.83,West
374,18,2022-10-10,Clothing,Women,Women 12,5,1713.42,1493.75,South
375,25,2022-01-18,Furniture,Chairs,Chairs 12,5,348.33,277.17,West
376,134,2022-09-15,Furniture,Chairs,Chairs 43,4,1633.21,1218.34,South
377,185,2022-09-18,Furniture,Sofas,Sofas 39,2,1325.44,897.66,South
378,38,2022-08-22,Electronics,Laptops,Laptops 18,1,680.74,480.0,West
379,20,2022-11-07,Furniture,Sofas,Sofas 46,4,1548.84,1269.58,South
380,105,2022-07-09,Electronics,Laptops,Laptops 27,3,876.24,714.59,West
381,152,2022-03-24,Furniture,Sofas,Sofas 2,5,840.89,664.2,West
382,112,2022-08-07,Clothing,Women,Women 32,5,1509.81,1082.77,West
383,11,2022-03-16,Furniture,Chairs,Chairs 45,1,739.97,527.44,West
384,126,2022-06-05,Electronics,Mobiles,Mobiles 18,4,279.84,203.07,West
385,99,2022-02-15,Electronics,Laptops,Laptops 35,4,1428.29,1169.65,East
386,143,2022-04-09,Furniture,Sofas,Sofas 37,2,197.07,125.58,West
387,152,2022-12-06,Furniture,Chairs,Chairs 19,3,403.72,348.05,North
388,200,2022-12-09,Furniture,Sofas,Sofas 26,3,741.26,552.32,South
389,84,2022-06-28,Furniture,Tables,Tables 26,1,1141.89,758.45,East
390,38,2022-10-05,Electronics,Mobiles,Mobiles 25,1,692.4,513.94,West
391,99,2022-11-23,Furniture,Sofas,Sofas 33,2,751.83,548.21,North
392,194,2022-06-04,Clothing,Men,Men 36,5,73.01,63.49,North
393,63,2022-08-01,Clothing,Kids,Kids 25,2,1533.91,1084.02,North
394,150,2022-03-04,Furniture,Tables,Tables 18,3,862.86,556.18,North
395,122,2022-10-10,Clothing,Kids,Kids 41,3,586.82,404.51,South
396,117,2022-09-02,Furniture,Tables,Tables 39,5,404.46,269.03,East
397,64,2022-06-25,Clothing,Men,Men 44,2,1524.35,983.64,East
398,169,2022-05-09,Electronics,Laptops,Laptops 11,4,875.67,547.07,West
399,166,2022-02-04,Electronics,Accessories,Accessories 45,5,337.68,290.6,North
400,42,2022-11-14,Electronics,Laptops,Laptops 41,1,653.35,563.37,East
401,133,2022-08-06,Clothing,Women,Women 27,1,1238.65,988.11,North
402,171,2022-04-01,Furniture,Chairs,Chairs 18,5,1334.32,1123.11,West
403,150,2022-04-15,Electronics,Laptops,Laptops 27,4,1053.04,871.41,South
404,125,2022-10-06,Clothing,Women,Women 25,5,1092.44,882.29,South
405,190,2022-02-13,Clothing,Men,Men 23,4,1419.27,1184.73,North
406,65,2022-08-14,Clothing,Men,Men 1,5,162.47,110.71,North
407,119,2022-12-22,Furniture,Sofas,Sofas 41,2,257.1,195.67,North
408,57,2022-04-11,Furniture,Sofas,Sofas 32,1,1807.09,1604.86,South
409,159,2022-04-19,Electronics,Accessories,Accessories 14,5,1965.64,1521.07,East
410,25,2022-09-27,Furniture,Sofas,Sofas 14,3,959.03,830.5,North
411,3,2022-05-18,Electronics,Laptops,Laptops 44,1,812.97,565.63,East
412,57,2022-04-09,Furniture,Tables,Tables 18,4,1153.25,732.74,South
413,26,2022-02-27,Electronics,Mobiles,Mobiles 13,3,1696.68,1419.43,South
414,100,2022-05-22,Furniture,Tables,Tables 24,3,295.41,231.53,North
415,111,2022-04-11,Electronics,Mobiles,Mobiles 49,3,794.02,696.75,West
416,4,2022-08-11,Furniture,Tables,Tables 33,5,520.86,315.98,West
417,124,2022-01-26,Furniture,Sofas,Sofas 27,5,252.94,178.28,South
418,160,2022-01-18,Electronics,Mobiles,Mobiles 23,1,237.76,195.81,North
419,197,2022-10-25,Clothing,Women,Women 13,2,1327.58,1043.23,South
420,42,2022-02-14,Clothing,Women,Women 15,2,1520.95,1254.3,North
421,91,2022-05-21,Furniture,Sofas,Sofas 9,3,1820.3,1171.33,West
422,168,2022-04-07,Clothing,Women,Women 29,5,310.23,267.89,South
423,68,2022-07-27,Clothing,Kids,Kids 15,5,1982.68,1710.49,North
424,64,2022-04-25,Clothing,Kids,Kids 24,2,1710.41,1337.53,East
425,3,2022-03-25,Furniture,Tables,Tables 37,3,787.2,538.71,South
426,27,2022-05-15,Furniture,Tables,Tables 19,2,1764.82,1558.28,North
427,52,2022-10-27,Furniture,Tables,Tables 26,3,854.58,655.13,West
428,187,2022-08-02,Furniture,Tables,Tables 28,5,1124.26,903.57,South
429,200,2022-02-26,Electronics,Accessories,Accessories 4,4,105.85,85.63,East
430,73,2022-02-28,Electronics,Laptops,Laptops 39,2,653.02,409.04,South
431,50,2022-03-21,Clothing,Men,Men 22,5,1655.98,1380.22,North
432,6,2022-12-06,Clothing,Men,Men 19,3,1752.24,1440.58,North
433,140,2022-03-16,Clothing,Kids,Kids 20,3,1339.09,1023.82,West
434,170,2022-08-14,Furniture,Tables,Tables 39,5,1590.52,1316.23,South
435,168,2022-02-02,Furniture,Tables,Tables 45,5,1423.67,970.51,East
436,70,2022-03-09,Electronics,Accessories,Accessories 45,5,310.25,212.27,East
437,41,2022-07-02,Electronics,Mobiles,Mobiles 46,3,262.64,219.11,South
438,97,2022-01-10,Electronics,Accessories,Accessories 26,4,1560.8,937.64,West
439,112,2022-01-01,Clothing,Kids,Kids 18,1,1616.7,1003.49,East
440,131,2022-05-24,Electronics,Laptops,Laptops 19,5,811.07,679.94,East
441,14,2022-05-21,Electronics,Accessories,Accessories 11,5,1999.28,1566.94,West
442,145,2022-02-12,Clothing,Men,Men 50,1,805.59,630.74,East
443,91,2022-02-18,Electronics,Accessories,Accessories 18,5,659.84,490.97,South
444,138,2022-09-17,Electronics,Mobiles,Mobiles 44,3,1470.39,1063.59,North
445,28,2022-01-01,Electronics,Laptops,Laptops 29,4,903.02,677.64,East
446,13,2022-07-13,Clothing,Kids,Kids 28,2,841.28,547.73,East
447,82,2022-05-10,Clothing,Women,Women 44,4,862.49,716.48,West
448,6,2022-09-08,Electronics,Accessories,Accessories 12,5,1233.16,790.32,North
449,71,2022-07-24,Electronics,Accessories,Accessories 25,2,375.1,264.92,South
450,75,2022-03-20,Electronics,Accessories,Accessories 30,4,346.94,215.3,South
451,102,2022-09-13,Clothing,Women,Women 27,4,1420.76,1262.55,South
452,20,2022-06-15,Electronics,Accessories,Accessories 4,5,622.73,408.37,East
453,187,2022-08-24,Furniture,Tables,Tables 15,5,1052.16,695.44,South
454,19,2022-03-04,Clothing,Men,Men 29,4,696.73,479.28,South
455,75,2022-04-12,Furniture,Chairs,Chairs 45,5,104.52,78.39,East
456,193,2022-01-14,Furniture,Chairs,Chairs 5,2,707.31,463.72,South
457,172,2022-01-27,Clothing,Kids,Kids 26,4,1031.39,778.56,East
458,120,2022-07-23,Electronics,Accessories,Accessories 36,1,689.3,435.97,North
459,67,2022-12-22,Furniture,Tables,Tables 9,2,1361.15,1008.18,South
460,44,2022-01-16,Clothing,Kids,Kids 47,4,1433.6,1161.4,South
461,127,2022-05-28,Furniture,Sofas,Sofas 23,4,1475.76,962.29,West
462,34,2022-10-20,Furniture,Chairs,Chairs 6,1,1323.7,863.74,North
463,176,2022-05-14,Furniture,Sofas,Sofas 21,2,1669.13,1172.67,South
464,173,2022-03-07,Furniture,Chairs,Chairs 1,5,1279.54,1088.27,West
465,41,2022-08-27,Electronics,Accessories,Accessories 26,2,423.25,353.87,South
466,61,2022-02-01,Clothing,Men,Men 21,1,1646.75,1388.82,North
467,121,2022-02-25,Clothing,Kids,Kids 8,3,238.07,184.8,West
468,147,2022-08-11,Electronics,Laptops,Laptops 26,2,1245.06,1061.48,North
469,126,2022-07-15,Clothing,Men,Men 22,3,982.53,710.38,West
470,125,2022-01-26,Clothing,Men,Men 11,3,1352.07,1121.6,South
471,162,2022-11-15,Electronics,Mobiles,Mobiles 36,4,765.8,649.2,South
472,80,2022-03-16,Furniture,Tables,Tables 28,1,646.94,409.27,South
473,104,2022-09-18,Clothing,Kids,Kids 46,4,206.4,145.37,East
474,52,2022-01-04,Furniture,Sofas,Sofas 3,1,1309.49,915.23,West
475,92,2022-05-18,Clothing,Kids,Kids 45,4,1668.06,1031.94,East
476,11,2022-08-02,Furniture,Sofas,Sofas 19,4,1668.63,1433.58,North
477,8,2022-09-11,Clothing,Kids,Kids 38,2,721.68,499.65,West
478,160,2022-07-24,Electronics,Accessories,Accessories 30,5,1065.67,763.29,South
479,18,2022-12-17,Electronics,Accessories,Accessories 1,2,232.81,186.21,North
480,105,2022-05-08,Electronics,Mobiles,Mobiles 27,2,1191.07,831.03,East
481,86,2022-01-26,Clothing,Kids,Kids 12,3,255.12,193.34,West
482,134,2022-03-12,Electronics,Accessories,Accessories 14,3,477.09,414.81,East
483,148,2022-09-12,Clothing,Women,Women 25,3,1567.89,1021.44,South
484,67,2022-12-06,Clothing,Kids,Kids 28,4,1255.15,786.99,East
485,75,2022-07-15,Electronics,Mobiles,Mobiles 27,5,1777.11,1128.23,East
486,174,2022-07-24,Clothing,Women,Women 42,1,1104.61,891.89,East
487,13,2022-02-04,Clothing,Women,Women 25,3,882.25,666.16,South
488,120,2022-10-09,Furniture,Chairs,Chairs 10,1,1087.64,821.49,East
489,75,2022-11-09,Furniture,Chairs,Chairs 36,5,1010.34,797.01,East
490,66,2022-11-02,Electronics,Laptops,Laptops 25,5,188.87,150.27,North
491,63,2022-12-22,Electronics,Accessories,Accessories 11,3,1115.52,772.01,South
492,149,2022-04-28,Furniture,Sofas,Sofas 3,5,649.16,498.16,South
493,187,2022-10-26,Furniture,Chairs,Chairs 3,1,1336.31,810.65,East
494,111,2022-04-05,Furniture,Sofas,Sofas 44,3,1629.04,1210.1,East
495,147,2022-05-09,Clothing,Women,Women 38,5,1206.0,831.74,North
496,200,2022-09-13,Clothing,Men,Men 8,2,764.53,654.99,East
497,135,2022-06-25,Electronics,Mobiles,Mobiles 27,5,763.27,614.91,North
498,46,2022-05-01,Clothing,Men,Men 39,2,1601.34,1020.34,West
499,37,2022-08-10,Furniture,Chairs,Chairs 27,1,703.83,555.51,West
500,114,2022-05-10,Furniture,Tables,Tables 17,1,639.58,511.58,North
501,54,2022-12-12,Electronics,Accessories,Accessories 38,2,1038.29,798.83,East
502,194,2022-06-21,Furniture,Tables,Tables 21,2,1555.19,1085.05,East
503,170,2022-11-24,Electronics,Accessories,Accessories 49,3,452.84,400.08,South
504,129,2022-09-02,Electronics,Laptops,Laptops 32,2,650.6,546.62,West
505,10,2022-11-01,Electronics,Accessories,Accessories 16,5,1977.48,1199.14,West
506,124,2022-01-20,Furniture,Tables,Tables 22,5,296.81,251.59,North
507,171,2022-07-17,Clothing,Men,Men 16,5,644.07,399.35,North
508,94,2022-08-11,Electronics,Mobiles,Mobiles 37,3,999.34,676.84,West
509,75,2022-10-13,Clothing,Kids,Kids 26,3,546.3,388.09,South
510,150,2022-05-12,Electronics,Laptops,Laptops 11,3,734.44,512.01,South
511,32,2022-11-15,Furniture,Sofas,Sofas 3,2,670.31,527.11,South
512,76,2022-06-17,Furniture,Sofas,Sofas 37,5,1102.52,780.48,East
513,33,2022-07-28,Clothing,Kids,Kids 25,2,1727.72,1303.68,West
514,62,2022-11-22,Electronics,Accessories,Accessories 25,1,1001.52,623.46,South
515,102,2022-05-04,Electronics,Mobiles,Mobiles 38,4,1276.96,1111.42,South
516,147,2022-11-27,Furniture,Chairs,Chairs 18,5,273.81,235.59,West
517,133,2022-07-09,Electronics,Laptops,Laptops 15,3,1595.58,1031.78,East
518,53,2022-04-11,Clothing,Kids,Kids 2,3,631.23,546.75,East
519,4,2022-11-13,Electronics,Laptops,Laptops 42,1,1789.02,1259.24,East
520,128,2022-01-10,Clothing,Kids,Kids 31,3,1986.09,1494.57,South
521,102,2022-11-03,Furniture,Tables,Tables 24,2,1041.18,894.68,North
522,173,2022-07-04,Clothing,Men,Men 38,4,863.17,702.26,North
523,130,2022-04-26,Electronics,Laptops,Laptops 26,1,156.47,102.66,North
524,118,2022-05-17,Clothing,Women,Women 49,4,601.26,395.95,West
525,189,2022-12-23,Clothing,Kids,Kids 6,5,1958.48,1586.05,North
526,130,2022-02-06,Furniture,Chairs,Chairs 50,2,1444.16,1117.84,North
527,125,2022-10-26,Electronics,Mobiles,Mobiles 18,3,1578.0,1164.84,East
528,184,2022-10-28,Electronics,Mobiles,Mobiles 46,4,1108.5,758.54,East
529,71,2022-08-04,Furniture,Tables,Tables 9,1,1771.8,1214.22,East
530,157,2022-04-08,Clothing,Men,Men 44,4,894.52,613.08,South
531,158,2022-09-10,Clothing,Women,Women 38,1,859.26,574.05,South
532,91,2022-09-21,Furniture,Tables,Tables 15,1,1611.65,1047.15,North
533,19,2022-01-23,Electronics,Mobiles,Mobiles 1,2,761.21,462.39,East
534,152,2022-06-03,Clothing,Kids,Kids 18,5,1516.52,1355.12,North
535,156,2022-03-25,Electronics,Laptops,Laptops 5,3,376.72,256.0,South
536,70,2022-06-21,Electronics,Mobiles,Mobiles 31,3,1709.01,1310.4,East
537,119,2022-12-11,Clothing,Women,Women 22,2,94.79,66.73,West
538,12,2022-07-26,Electronics,Mobiles,Mobiles 11,2,860.14,520.52,North
539,93,2022-08-07,Clothing,Women,Women 46,3,601.91,488.24,East
540,28,2022-09-20,Clothing,Kids,Kids 15,2,124.42,93.66,South
541,106,2022-05-24,Furniture,Chairs,Chairs 48,5,96.54,74.42,South
542,46,2022-10-10,Electronics,Mobiles,Mobiles 6,2,635.22,535.09,South
543,24,2022-11-24,Electronics,Accessories,Accessories 31,2,1893.59,1156.17,West
544,134,2022-02-23,Clothing,Men,Men 47,4,1197.57,992.65,South
545,38,2022-03-05,Electronics,Accessories,Accessories 1,1,1605.54,1069.87,East
546,33,2022-12-07,Electronics,Laptops,Laptops 22,3,190.76,118.98,South
547,142,2022-06-14,Clothing,Kids,Kids 23,2,1813.07,1200.58,East
548,120,2022-06-23,Furniture,Chairs,Chairs 11,1,234.1,147.56,South
549,74,2022-06-20,Clothing,Women,Women 6,3,1948.33,1400.1,North
550,176,2022-03-05,Furniture,Tables,Tables 50,4,738.11,556.18,East
551,167,2022-09-27,Clothing,Men,Men 47,1,175.99,132.07,East
552,25,2022-05-27,Furniture,Sofas,Sofas 22,5,983.09,658.29,West
553,189,2022-02-06,Furniture,Sofas,Sofas 44,3,1119.7,964.86,North
554,10,2022-02-01,Furniture,Tables,Tables 20,5,641.64,432.29,West
555,175,2022-03-16,Electronics,Mobiles,Mobiles 43,1,882.8,742.23,North
556,139,2022-02-19,Clothing,Women,Women 43,3,964.42,617.19,West
557,164,2022-05-08,Furniture,Sofas,Sofas 32,2,897.9,605.97,North
558,168,2022-01-10,Electronics,Laptops,Laptops 7,1,323.45,234.99,South
559,151,2022-08-02,Clothing,Kids,Kids 1,3,1979.61,1501.72,East
560,93,2022-01-22,Clothing,Men,Men 43,4,1910.09,1565.29,North
561,168,2022-02-22,Electronics,Laptops,Laptops 29,4,506.37,386.65,North
562,65,2022-06-20,Clothing,Men,Men 44,1,346.66,217.94,South
563,29,2022-05-19,Furniture,Tables,Tables 8,3,202.11,174.74,East
564,174,2022-09-19,Furniture,Tables,Tables 20,3,1143.12,858.51,East
565,162,2022-03-23,Furniture,Chairs,Chairs 20,4,1529.24,1090.47,South
566,102,2022-10-24,Electronics,Accessories,Accessories 30,5,1353.64,989.99,North
567,11,2022-06-22,Furniture,Tables,Tables 16,1,71.07,46.53,West
568,74,2022-10-23,Clothing,Kids,Kids 36,3,744.33,614.84,West
569,6,2022-10-01,Electronics,Accessories,Accessories 26,1,1812.43,1581.3,North
570,61,2022-01-25,Electronics,Laptops,Laptops 34,1,970.15,659.26,West
571,47,2022-01-12,Furniture,Sofas,Sofas 42,5,1988.12,1446.23,South
572,73,2022-07-02,Clothing,Men,Men 8,3,1370.38,1010.8,West
573,74,2022-11-15,Furniture,Sofas,Sofas 8,1,204.12,136.62,South
574,27,2022-09-23,Furniture,Tables,Tables 41,4,942.38,566.38,South
575,101,2022-10-20,Electronics,Accessories,Accessories 12,1,1141.61,979.32,North
576,33,2022-08-15,Electronics,Mobiles,Mobiles 22,4,1907.26,1369.07,North
577,114,2022-04-26,Furniture,Sofas,Sofas 27,1,1113.22,984.22,South
578,29,2022-02-01,Electronics,Laptops,Laptops 29,4,1569.44,1158.86,North
579,87,2022-04-06,Clothing,Kids,Kids 33,4,583.99,500.11,North
580,128,2022-03-08,Electronics,Accessories,Accessories 4,2,1415.67,986.92,West
581,132,2022-06-27,Furniture,Sofas,Sofas 5,3,1038.68,768.86,South
582,86,2022-05-14,Furniture,Tables,Tables 31,3,635.76,570.34,East
583,168,2022-05-17,Electronics,Accessories,Accessories 39,2,1834.93,1166.32,North
584,31,2022-08-21,Clothing,Women,Women 49,2,1675.45,1020.96,East
585,8,2022-01-22,Electronics,Mobiles,Mobiles 28,3,319.81,273.81,South
586,79,2022-03-23,Furniture,Sofas,Sofas 12,3,1118.78,738.74,South
587,32,2022-11-14,Clothing,Women,Women 16,3,1886.48,1288.93,West
588,174,2022-03-09,Furniture,Sofas,Sofas 11,4,221.72,147.7,North
589,122,2022-07-03,Clothing,Kids,Kids 41,5,1545.48,973.43,East
590,85,2022-06-13,Clothing,Men,Men 22,3,1144.02,917.85,West
591,198,2022-01-25,Electronics,Accessories,Accessories 44,5,1982.77,1565.64,North
592,97,2022-01-01,Furniture,Tables,Tables 13,4,568.23,399.31,South
593,55,2022-08-09,Electronics,Laptops,Laptops 18,3,1168.43,736.82,South
594,11,2022-09-28,Electronics,Laptops,Laptops 18,1,1242.99,760.69,North
595,3,2022-03-01,Electronics,Mobiles,Mobiles 28,4,1651.35,1484.99,South
596,27,2022-10-26,Clothing,Men,Men 5,3,1019.03,866.67,North
597,186,2022-04-26,Clothing,Women,Women 6,2,1168.57,954.64,East
598,168,2022-02-01,Clothing,Men,Men 22,1,767.9,585.68,East
599,171,2022-12-10,Electronics,Accessories,Accessories 30,4,369.91,262.14,South
600,26,2022-01-17,Furniture,Sofas,Sofas 48,3,1549.2,1147.91,West
601,68,2022-07-24,Clothing,Kids,Kids 49,4,1019.37,712.27,East
602,127,2022-09-28,Furniture,Tables,Tables 17,5,1578.14,1054.03,North
603,17,2022-12-24,Electronics,Accessories,Accessories 34,5,582.55,357.12,West
604,152,2022-06-15,Electronics,Accessories,Accessories 21,2,141.01,112.18,West
605,39,2022-09-10,Clothing,Kids,Kids 20,5,363.27,242.81,North
606,171,2022-07-15,Clothing,Women,Women 17,4,1753.87,1503.26,East
607,191,2022-03-23,Clothing,Men,Men 27,1,1175.43,710.9,North
608,32,2022-08-24,Furniture,Tables,Tables 49,2,388.79,270.63,East
609,142,2022-04-05,Clothing,Men,Men 45,5,1215.87,857.25,East
610,137,2022-01-13,Electronics,Laptops,Laptops 15,4,1505.34,1210.4,West
611,99,2022-01-22,Clothing,Kids,Kids 16,3,1129.58,962.22,West
612,126,2022-11-10,Clothing,Men,Men 49,5,399.95,285.59,South
613,23,2022-02-25,Furniture,Sofas,Sofas 46,2,1405.41,991.09,West
614,88,2022-07-08,Furniture,Chairs,Chairs 19,4,1073.48,892.73,South
615,133,2022-11-19,Electronics,Mobiles,Mobiles 8,2,338.68,240.91,North
616,182,2022-12-27,Furniture,Chairs,Chairs 29,2,828.67,577.95,East
617,148,2022-04-14,Clothing,Kids,Kids 13,3,912.19,714.62,South
618,52,2022-03-03,Electronics,Mobiles,Mobiles 28,5,295.05,248.91,West
619,163,2022-06-02,Electronics,Accessories,Accessories 12,5,1169.41,703.32,South
620,53,2022-01-15,Electronics,Mobiles,Mobiles 32,5,1311.27,816.89,East
621,52,2022-05-27,Clothing,Women,Women 32,2,475.82,336.39,South
622,99,2022-11-18,Furniture,Chairs,Chairs 26,1,1952.25,1730.27,East
623,132,2022-05-18,Electronics,Mobiles,Mobiles 11,2,320.48,278.98,West
624,172,2022-02-04,Clothing,Men,Men 31,2,236.9,186.51,North
625,42,2022-02-15,Clothing,Men,Men 9,1,937.63,802.5,South
626,148,2022-11-21,Clothing,Women,Women 12,4,1474.58,1135.64,South
627,160,2022-01-27,Furniture,Chairs,Chairs 25,5,510.51,420.06,North
628,25,2022-10-22,Clothing,Men,Men 16,1,733.71,444.75,North
629,69,2022-11-01,Electronics,Mobiles,Mobiles 9,3,229.65,161.41,East
630,90,2022-11-04,Furniture,Chairs,Chairs 9,2,1093.11,873.62,East
631,105,2022-07-15,Clothing,Women,Women 34,3,51.12,31.94,North
632,150,2022-09-02,Electronics,Mobiles,Mobiles 6,1,989.64,841.18,East
633,181,2022-08-25,Clothing,Men,Men 5,4,872.38,524.51,North
634,26,2022-10-10,Furniture,Tables,Tables 9,3,119.13,81.28,South
635,107,2022-06-16,Clothing,Kids,Kids 28,4,123.91,86.77,North
636,12,2022-05-10,Clothing,Men,Men 42,2,555.34,453.45,West
637,161,2022-07-16,Clothing,Women,Women 27,2,966.57,806.78,South
638,29,2022-04-01,Electronics,Mobiles,Mobiles 39,2,1858.86,1597.61,West
639,200,2022-03-12,Electronics,Accessories,Accessories 19,1,1626.23,1189.65,West
640,38,2022-01-18,Clothing,Women,Women 41,4,1652.35,994.98,South
641,86,2022-06-04,Clothing,Women,Women 32,5,1939.44,1608.36,West
642,138,2022-06-10,Clothing,Men,Men 5,4,1732.03,1280.53,West
643,33,2022-10-18,Clothing,Women,Women 24,2,1540.11,956.72,South
644,40,2022-09-06,Furniture,Tables,Tables 6,2,132.11,85.75,West
645,28,2022-12-11,Furniture,Chairs,Chairs 25,2,474.63,296.3,West
646,153,2022-03-28,Electronics,Laptops,Laptops 36,2,1731.75,1424.96,South
647,28,2022-12-07,Furniture,Tables,Tables 36,2,832.66,738.57,East
648,62,2022-06-13,Clothing,Men,Men 2,1,1188.3,1010.6,South
649,18,2022-03-06,Clothing,Kids,Kids 38,4,1688.79,1161.11,East
650,138,2022-06-06,Clothing,Kids,Kids 42,2,980.5,788.63,East
651,164,2022-01-17,Furniture,Sofas,Sofas 3,3,1062.95,754.79,South
652,99,2022-12-13,Furniture,Sofas,Sofas 47,1,645.51,410.97,North
653,51,2022-05-11,Electronics,Laptops,Laptops 13,4,843.14,744.74,West
654,20,2022-04-17,Electronics,Laptops,Laptops 25,3,393.92,301.89,East
655,91,2022-09-21,Clothing,Kids,Kids 41,4,87.81,53.83,North
656,195,2022-08-13,Electronics,Accessories,Accessories 1,1,320.74,216.53,South
657,45,2022-04-11,Furniture,Sofas,Sofas 30,5,1112.27,797.76,East
658,104,2022-03-18,Furniture,Tables,Tables 24,1,829.98,645.77,East
659,137,2022-08-17,Clothing,Kids,Kids 44,4,758.87,456.96,East
660,79,2022-09-13,Furniture,Tables,Tables 43,1,1825.82,1520.79,East
661,79,2022-02-01,Clothing,Women,Women 13,3,1331.54,1120.25,North
662,43,2022-02-08,Clothing,Men,Men 33,5,1013.95,791.96,East
663,29,2022-12-16,Electronics,Mobiles,Mobiles 35,3,949.38,626.7,East
664,136,2022-12-13,Electronics,Mobiles,Mobiles 38,5,414.92,345.12,North
665,133,2022-12-24,Electronics,Accessories,Accessories 5,2,1518.1,1292.99,West
666,43,2022-09-22,Electronics,Accessories,Accessories 42,1,1353.15,815.18,South
667,77,2022-05-01,Clothing,Women,Women 9,5,521.16,317.84,East
668,60,2022-02-27,Electronics,Laptops,Laptops 48,3,1497.26,984.68,North
669,46,2022-08-18,Clothing,Kids,Kids 37,4,673.85,517.44,East
670,180,2022-01-24,Clothing,Women,Women 49,4,1304.69,834.8,North
671,157,2022-02-24,Electronics,Laptops,Laptops 5,2,1206.0,1062.08,South
672,5,2022-03-18,Clothing,Kids,Kids 14,2,585.58,368.15,South
673,185,2022-03-14,Furniture,Sofas,Sofas 26,2,1994.05,1710.25,West
674,103,2022-01-02,Clothing,Kids,Kids 38,5,303.18,230.84,South
675,192,2022-11-10,Furniture,Sofas,Sofas 4,3,1519.02,1118.69,South
676,1,2022-03-27,Furniture,Sofas,Sofas 43,5,233.03,169.49,South
677,71,2022-01-12,Clothing,Kids,Kids 32,1,912.75,699.4,North
678,62,2022-10-02,Electronics,Accessories,Accessories 43,2,1930.15,1555.76,East
679,11,2022-10-04,Furniture,Tables,Tables 24,3,1741.78,1529.57,North
680,119,2022-05-17,Electronics,Accessories,Accessories 44,4,1723.83,1143.75,West
681,25,2022-05-12,Furniture,Sofas,Sofas 20,3,1428.5,1188.2,West
682,35,2022-04-13,Electronics,Accessories,Accessories 44,1,453.12,352.43,West
683,103,2022-07-26,Furniture,Tables,Tables 3,1,1924.21,1312.9,South
684,191,2022-12-05,Furniture,Chairs,Chairs 41,1,1399.9,1004.77,West
685,46,2022-06-09,Electronics,Accessories,Accessories 6,1,1711.19,1218.36,East
686,114,2022-07-27,Clothing,Men,Men 46,2,1275.22,1115.18,South
687,79,2022-12-15,Furniture,Chairs,Chairs 33,3,1137.87,882.13,North
688,13,2022-11-15,Clothing,Kids,Kids 11,2,969.97,648.62,South
689,198,2022-03-08,Clothing,Kids,Kids 32,5,1565.91,1054.45,North
690,167,2022-08-28,Clothing,Women,Women 34,4,1699.69,1473.98,East
691,181,2022-06-01,Furniture,Chairs,Chairs 23,4,85.7,62.48,West
692,14,2022-10-27,Electronics,Laptops,Laptops 22,3,331.12,273.43,East
693,35,2022-11-05,Furniture,Tables,Tables 21,1,226.64,194.27,East
694,130,2022-05-08,Furniture,Chairs,Chairs 12,5,839.62,702.23,West
695,76,2022-06-14,Furniture,Sofas,Sofas 43,1,764.65,507.76,East
696,31,2022-01-23,Furniture,Sofas,Sofas 15,5,250.82,206.49,East
697,139,2022-06-06,Furniture,Tables,Tables 33,2,1621.92,1093.36,West
698,85,2022-05-12,Electronics,Mobiles,Mobiles 28,5,1544.88,1043.89,East
699,81,2022-01-28,Clothing,Kids,Kids 19,4,305.94,256.58,North
700,21,2022-03-19,Electronics,Laptops,Laptops 35,2,1747.24,1478.44,North
701,69,2022-08-19,Furniture,Chairs,Chairs 8,4,640.44,506.28,West
702,28,2022-08-23,Electronics,Mobiles,Mobiles 10,1,239.88,173.85,West
703,145,2022-11-12,Clothing,Women,Women 6,2,1437.17,1073.18,East
704,179,2022-05-04,Clothing,Kids,Kids 48,5,621.51,545.57,West
705,145,2022-12-20,Clothing,Women,Women 10,5,982.56,719.14,South
706,103,2022-10-26,Electronics,Accessories,Accessories 15,2,1397.47,1177.19,North
707,106,2022-04-25,Clothing,Kids,Kids 28,2,1101.05,836.91,East
708,171,2022-12-28,Furniture,Sofas,Sofas 3,4,1196.71,863.18,West
709,200,2022-11-24,Clothing,Women,Women 8,3,992.94,610.65,West
710,68,2022-12-25,Clothing,Men,Men 1,4,1056.06,874.54,East
711,145,2022-02-19,Furniture,Sofas,Sofas 46,3,73.79,47.62,West
712,21,2022-09-05,Furniture,Sofas,Sofas 31,1,1173.01,1053.76,North
713,11,2022-04-25,Furniture,Tables,Tables 24,2,319.21,208.7,East
714,195,2022-03-13,Electronics,Laptops,Laptops 7,1,1011.25,635.07,East
715,132,2022-06-08,Furniture,Tables,Tables 38,4,1794.86,1465.88,South
716,116,2022-09-26,Electronics,Laptops,Laptops 3,4,1607.79,1210.35,South
717,154,2022-02-27,Furniture,Sofas,Sofas 21,1,1983.23,1664.97,West
718,67,2022-04-09,Furniture,Sofas,Sofas 30,4,1255.95,1060.28,West
719,185,2022-03-07,Clothing,Men,Men 31,4,911.28,623.9,North
720,24,2022-12-27,Electronics,Accessories,Accessories 15,4,1970.93,1729.41,West
721,28,2022-03-17,Clothing,Men,Men 24,5,401.32,255.83,South
722,11,2022-04-14,Clothing,Men,Men 44,1,1913.69,1560.74,East
723,26,2022-09-26,Electronics,Laptops,Laptops 10,3,1889.7,1526.62,East
724,161,2022-07-22,Furniture,Tables,Tables 3,3,454.94,346.59,East
725,185,2022-07-21,Electronics,Mobiles,Mobiles 23,4,787.52,603.26,South
726,141,2022-12-25,Clothing,Women,Women 14,3,978.66,602.94,East
727,42,2022-05-21,Clothing,Kids,Kids 1,2,89.72,63.61,North
728,67,2022-05-26,Electronics,Laptops,Laptops 6,2,870.84,634.55,West
729,31,2022-09-20,Clothing,Kids,Kids 20,4,897.03,786.38,South
730,163,2022-12-28,Electronics,Mobiles,Mobiles 45,5,304.0,264.3,West
731,18,2022-06-10,Furniture,Chairs,Chairs 3,4,711.02,568.76,East
732,81,2022-11-01,Furniture,Chairs,Chairs 48,2,1848.85,1229.88,North
733,16,2022-07-28,Clothing,Women,Women 29,1,1714.87,1440.03,South
734,142,2022-12-28,Electronics,Mobiles,Mobiles 42,4,1215.81,849.17,North
735,88,2022-07-12,Furniture,Sofas,Sofas 18,4,437.1,275.08,South
736,157,2022-01-02,Clothing,Women,Women 5,3,555.93,363.4,East
737,70,2022-08-03,Furniture,Chairs,Chairs 26,1,126.94,99.47,East
738,59,2022-09-04,Clothing,Kids,Kids 13,2,1911.91,1237.63,East
739,156,2022-08-17,Furniture,Sofas,Sofas 31,2,1836.8,1545.14,East
740,130,2022-11-17,Furniture,Chairs,Chairs 39,1,1510.15,1113.13,West
741,36,2022-07-07,Furniture,Chairs,Chairs 3,4,575.63,431.67,North
742,115,2022-09-19,Electronics,Laptops,Laptops 23,5,1372.4,975.84,West
743,10,2022-06-02,Furniture,Chairs,Chairs 50,3,1145.09,884.77,North
744,153,2022-06-14,Furniture,Chairs,Chairs 32,2,184.71,137.41,West
745,33,2022-07-28,Electronics,Accessories,Accessories 33,4,1126.64,827.09,North
746,7,2022-01-04,Furniture,Chairs,Chairs 12,3,1486.96,920.0,West
747,181,2022-06-02,Electronics,Accessories,Accessories 49,5,761.83,592.92,West
748,172,2022-11-02,Furniture,Tables,Tables 27,1,1564.69,1311.12,West
749,161,2022-09-13,Clothing,Kids,Kids 2,1,109.04,75.65,West
750,64,2022-09-18,Clothing,Men,Men 44,2,126.29,105.89,North
751,2,2022-12-17,Clothing,Men,Men 5,2,1090.88,784.23,West
752,38,2022-12-17,Furniture,Chairs,Chairs 12,3,1079.66,686.96,East
753,174,2022-06-20,Furniture,Chairs,Chairs 30,2,637.8,540.56,West
754,73,2022-04-09,Furniture,Chairs,Chairs 19,2,107.53,72.47,East
755,159,2022-03-26,Clothing,Men,Men 19,3,810.17,516.21,East
756,46,2022-04-04,Clothing,Women,Women 13,4,155.98,136.98,South
757,4,2022-09-21,Electronics,Accessories,Accessories 7,5,1058.84,862.04,South
758,55,2022-04-25,Electronics,Laptops,Laptops 3,2,539.53,368.42,West
759,148,2022-12-10,Clothing,Kids,Kids 4,1,1017.7,698.33,East
760,137,2022-09-20,Clothing,Men,Men 39,5,74.56,64.36,West
761,153,2022-02-17,Electronics,Laptops,Laptops 25,4,1109.14,801.04,South
762,24,2022-10-24,Clothing,Men,Men 1,4,1783.86,1071.47,South
763,104,2022-03-13,Electronics,Laptops,Laptops 32,5,1185.58,887.43,South
764,145,2022-03-08,Furniture,Tables,Tables 15,3,1757.16,1202.28,East
765,37,2022-03-28,Clothing,Kids,Kids 14,3,1009.92,753.26,South
766,41,2022-04-27,Electronics,Mobiles,Mobiles 49,2,51.13,33.39,North
767,166,2022-12-26,Furniture,Tables,Tables 9,4,1811.49,1363.11,West
768,136,2022-08-12,Clothing,Men,Men 42,1,493.23,300.72,North
769,146,2022-03-06,Furniture,Chairs,Chairs 26,4,1198.76,797.55,North
770,83,2022-09-27,Clothing,Men,Men 21,5,633.94,505.62,East
771,144,2022-04-02,Electronics,Accessories,Accessories 40,3,108.53,96.97,East
772,135,2022-08-13,Clothing,Women,Women 40,4,206.08,182.71,South
773,42,2022-08-25,Electronics,Accessories,Accessories 40,5,662.86,519.45,East
774,55,2022-01-19,Electronics,Laptops,Laptops 13,2,856.7,515.77,North
775,135,2022-11-13,Electronics,Mobiles,Mobiles 50,1,630.07,404.06,East
776,4,2022-02-14,Electronics,Laptops,Laptops 33,2,587.77,472.59,South
777,118,2022-10-17,Clothing,Kids,Kids 26,1,1835.45,1322.16,West
778,34,2022-04-10,Furniture,Sofas,Sofas 24,5,176.23,108.24,South
779,167,2022-03-11,Electronics,Accessories,Accessories 25,3,316.81,222.77,South
780,99,2022-06-20,Electronics,Mobiles,Mobiles 10,1,1630.85,1070.1,South
781,174,2022-10-14,Clothing,Women,Women 23,1,892.02,774.31,South
782,177,2022-09-09,Clothing,Kids,Kids 15,5,1062.85,855.84,East
783,124,2022-07-26,Clothing,Kids,Kids 40,3,828.75,681.76,South
784,13,2022-03-26,Electronics,Accessories,Accessories 1,3,1019.27,773.46,South
785,12,2022-01-03,Clothing,Women,Women 35,5,621.29,525.93,South
786,111,2022-08-08,Electronics,Laptops,Laptops 7,4,745.47,487.37,West
787,68,2022-01-12,Electronics,Laptops,Laptops 11,4,821.26,493.77,West
788,92,2022-10-22,Clothing,Women,Women 44,4,1773.87,1218.31,North
789,66,2022-09-05,Clothing,Kids,Kids 3,5,1646.24,1345.84,West
790,97,2022-03-22,Electronics,Accessories,Accessories 42,2,69.06,56.36,North
791,89,2022-03-14,Clothing,Men,Men 6,4,1424.19,956.72,West
792,39,2022-03-08,Clothing,Women,Women 19,4,543.39,484.79,South
793,14,2022-09-17,Clothing,Men,Men 44,1,833.61,730.32,North
794,16,2022-08-23,Clothing,Kids,Kids 48,1,682.05,501.87,East
795,52,2022-06-15,Furniture,Tables,Tables 49,1,1571.16,1275.23,South
796,179,2022-01-28,Clothing,Women,Women 32,2,1293.54,1012.85,South
797,99,2022-05-27,Furniture,Chairs,Chairs 21,4,1671.49,1257.0,West
798,118,2022-02-25,Electronics,Accessories,Accessories 35,4,571.76,480.33,East
799,121,2022-11-07,Furniture,Tables,Tables 28,1,1923.84,1320.32,West
800,39,2022-08-25,Furniture,Sofas,Sofas 3,3,833.73,708.3,South
801,20,2022-11-03,Furniture,Tables,Tables 23,5,1864.37,1385.39,North
802,163,2022-01-25,Furniture,Chairs,Chairs 3,3,1617.9,1315.81,South
803,111,2022-12-01,Clothing,Kids,Kids 23,3,668.94,525.39,South
804,116,2022-07-19,Clothing,Men,Men 22,4,520.3,409.63,South
805,81,2022-07-18,Clothing,Men,Men 46,2,1358.13,823.76,East
806,108,2022-06-11,Furniture,Tables,Tables 15,5,1225.8,1026.72,East
807,66,2022-09-28,Furniture,Sofas,Sofas 17,2,779.91,590.95,South
808,44,2022-08-11,Furniture,Chairs,Chairs 3,3,828.04,745.08,East
809,51,2022-12-11,Furniture,Chairs,Chairs 4,5,1501.24,1266.91,East
810,25,2022-09-11,Electronics,Laptops,Laptops 12,4,269.9,240.03,East
811,175,2022-03-13,Clothing,Women,Women 21,1,1238.61,843.71,East
812,59,2022-06-14,Furniture,Tables,Tables 18,3,1686.85,1287.49,East
813,183,2022-11-17,Furniture,Sofas,Sofas 1,2,851.03,583.01,North
814,120,2022-05-06,Electronics,Mobiles,Mobiles 14,2,846.62,605.91,North
815,157,2022-09-22,Electronics,Laptops,Laptops 37,3,1905.63,1407.12,South
816,86,2022-04-01,Clothing,Men,Men 10,4,643.23,523.47,East
817,195,2022-10-07,Electronics,Accessories,Accessories 1,3,1400.38,1164.83,West
818,96,2022-09-23,Electronics,Mobiles,Mobiles 13,2,1349.08,1080.43,West
819,163,2022-02-25,Electronics,Mobiles,Mobiles 17,4,679.34,424.05,South
820,135,2022-03-12,Electronics,Accessories,Accessories 44,5,430.04,338.9,West
821,144,2022-04-09,Clothing,Men,Men 39,5,1290.92,999.63,North
822,193,2022-04-19,Clothing,Men,Men 29,5,495.46,334.06,East
823,198,2022-12-03,Electronics,Mobiles,Mobiles 13,2,1981.76,1279.53,West
824,133,2022-05-01,Clothing,Men,Men 9,2,337.29,206.21,West
825,33,2022-03-07,Electronics,Accessories,Accessories 42,3,976.54,715.54,West
826,9,2022-03-14,Electronics,Mobiles,Mobiles 5,2,1052.43,849.6,East
827,37,2022-03-06,Clothing,Women,Women 47,3,1338.39,967.38,West
828,104,2022-08-23,Electronics,Laptops,Laptops 35,3,118.52,95.12,East
829,166,2022-09-03,Clothing,Kids,Kids 37,1,1678.59,1227.31,West
830,62,2022-06-08,Electronics,Mobiles,Mobiles 34,5,753.92,466.2,South
831,187,2022-05-04,Clothing,Women,Women 24,1,1297.21,1081.05,East
832,89,2022-11-25,Electronics,Laptops,Laptops 25,3,667.8,594.8,East
833,141,2022-01-04,Furniture,Sofas,Sofas 23,3,373.42,257.39,North
834,188,2022-01-20,Electronics,Mobiles,Mobiles 45,2,304.42,268.06,South
835,193,2022-12-04,Electronics,Laptops,Laptops 27,2,1099.21,967.89,East
836,57,2022-08-06,Clothing,Men,Men 44,3,1510.24,1091.73,East
837,144,2022-10-10,Electronics,Mobiles,Mobiles 31,3,1775.29,1257.87,East
838,33,2022-01-06,Electronics,Accessories,Accessories 42,2,1426.27,1196.34,East
839,110,2022-05-03,Furniture,Tables,Tables 27,3,661.9,398.43,East
840,138,2022-01-08,Furniture,Sofas,Sofas 13,5,1810.28,1338.15,North
841,163,2022-09-23,Electronics,Mobiles,Mobiles 12,2,78.15,47.85,East
842,65,2022-12-05,Furniture,Tables,Tables 23,2,312.33,215.59,North
843,120,2022-02-13,Electronics,Accessories,Accessories 35,4,161.69,138.72,North
844,118,2022-04-16,Furniture,Chairs,Chairs 45,1,1839.84,1542.21,East
845,165,2022-01-05,Clothing,Kids,Kids 32,4,208.13,176.5,North
846,170,2022-10-26,Clothing,Men,Men 13,1,279.96,195.51,North
847,31,2022-09-20,Electronics,Laptops,Laptops 39,3,57.97,35.97,South
848,2,2022-07-16,Electronics,Mobiles,Mobiles 13,3,1685.89,1157.02,South
849,41,2022-10-10,Electronics,Laptops,Laptops 4,5,186.16,140.76,West
850,87,2022-01-26,Clothing,Women,Women 11,2,1498.85,1185.79,South
851,2,2022-07-08,Electronics,Accessories,Accessories 40,1,485.13,352.81,East
852,10,2022-02-19,Furniture,Sofas,Sofas 45,1,384.0,344.57,North
853,87,2022-11-02,Electronics,Laptops,Laptops 6,5,883.13,580.94,East
854,127,2022-08-19,Electronics,Laptops,Laptops 21,3,1012.9,615.74,West
855,23,2022-05-20,Electronics,Laptops,Laptops 11,5,1328.6,1151.88,West
856,61,2022-02-04,Electronics,Mobiles,Mobiles 33,5,1026.88,828.64,West
857,91,2022-09-12,Clothing,Women,Women 35,4,286.25,177.34,West
858,83,2022-06-25,Electronics,Accessories,Accessories 1,3,1725.24,1099.02,West
859,115,2022-10-17,Clothing,Men,Men 2,5,985.8,651.98,South
860,115,2022-07-03,Electronics,Accessories,Accessories 15,1,116.4,87.25,West
861,50,2022-04-04,Clothing,Men,Men 13,1,972.8,683.71,South
862,166,2022-07-08,Clothing,Women,Women 11,3,1103.13,977.17,North
863,60,2022-04-19,Electronics,Accessories,Accessories 16,4,614.94,528.08,South
864,9,2022-03-22,Clothing,Women,Women 41,4,188.8,168.94,North
865,29,2022-03-24,Furniture,Tables,Tables 29,3,211.29,137.21,East
866,29,2022-01-22,Electronics,Laptops,Laptops 20,3,1392.82,1229.95,South
867,73,2022-05-17,Clothing,Women,Women 26,4,166.17,127.5,North
868,27,2022-08-14,Electronics,Mobiles,Mobiles 35,5,293.27,197.96,North
869,87,2022-02-05,Furniture,Tables,Tables 42,2,172.0,120.16,East
870,60,2022-08-21,Electronics,Accessories,Accessories 32,5,408.33,258.44,South
871,45,2022-01-23,Furniture,Chairs,Chairs 20,1,944.14,745.08,East
872,96,2022-11-09,Electronics,Mobiles,Mobiles 32,2,1534.98,988.12,West
873,188,2022-05-16,Clothing,Women,Women 12,4,507.81,446.23,South
874,173,2022-07-15,Furniture,Chairs,Chairs 49,3,948.84,786.69,East
875,188,2022-01-23,Electronics,Mobiles,Mobiles 16,5,602.26,513.56,South
876,162,2022-12-07,Electronics,Accessories,Accessories 49,5,1886.11,1673.34,North
877,200,2022-11-09,Electronics,Accessories,Accessories 50,2,1411.76,1118.86,North
878,106,2022-05-03,Furniture,Sofas,Sofas 4,4,1569.31,1222.56,West
879,22,2022-02-11,Electronics,Laptops,Laptops 17,3,841.64,723.3,East
880,123,2022-08-11,Furniture,Sofas,Sofas 25,1,1633.58,1085.46,West
881,61,2022-06-26,Furniture,Tables,Tables 26,2,1471.08,1240.06,West
882,138,2022-12-26,Clothing,Women,Women 35,2,266.07,166.97,North
883,161,2022-05-12,Furniture,Chairs,Chairs 19,5,347.97,300.8,North
884,127,2022-02-25,Furniture,Tables,Tables 33,4,56.73,36.57,West
885,73,2022-02-17,Clothing,Kids,Kids 4,2,1673.99,1050.97,South
886,107,2022-03-07,Electronics,Accessories,Accessories 39,4,1440.34,975.64,North
887,15,2022-10-22,Electronics,Mobiles,Mobiles 5,4,948.24,652.46,East
888,119,2022-06-26,Furniture,Tables,Tables 32,2,937.6,820.27,South
889,180,2022-09-05,Electronics,Mobiles,Mobiles 24,1,1986.86,1613.4,North
890,93,2022-07-09,Clothing,Kids,Kids 47,4,1782.82,1373.73,West
891,109,2022-06-05,Furniture,Chairs,Chairs 26,3,1671.99,1289.8,North
892,75,2022-01-23,Electronics,Mobiles,Mobiles 7,5,1347.28,1059.61,North
893,40,2022-05-03,Electronics,Mobiles,Mobiles 47,4,1290.67,933.73,West
894,134,2022-06-26,Electronics,Laptops,Laptops 43,5,1710.65,1440.8,East
895,36,2022-01-09,Furniture,Tables,Tables 26,3,1443.91,1199.15,West
896,49,2022-09-04,Clothing,Kids,Kids 11,1,783.05,654.15,West
897,174,2022-05-03,Furniture,Chairs,Chairs 15,1,1400.17,1247.87,South
898,14,2022-03-27,Clothing,Men,Men 20,2,1698.18,1123.34,North
899,48,2022-08-14,Electronics,Laptops,Laptops 40,3,904.45,650.07,North
900,16,2022-12-12,Electronics,Laptops,Laptops 10,5,1870.51,1535.54,West
901,177,2022-11-08,Clothing,Kids,Kids 28,3,265.03,163.58,East
902,147,2022-05-06,Electronics,Laptops,Laptops 34,2,1516.49,1026.58,North
903,190,2022-10-16,Electronics,Laptops,Laptops 44,4,1350.21,1039.65,East
904,161,2022-08-11,Furniture,Sofas,Sofas 42,2,1845.25,1487.93,North
905,39,2022-03-25,Electronics,Laptops,Laptops 45,4,418.62,327.64,South
906,7,2022-11-27,Clothing,Women,Women 44,5,1586.41,1079.11,South
907,29,2022-10-21,Electronics,Mobiles,Mobiles 17,5,1125.55,869.5,North
908,118,2022-05-26,Furniture,Sofas,Sofas 29,4,98.42,64.2,South
909,141,2022-09-25,Electronics,Laptops,Laptops 5,3,250.37,222.39,West
910,37,2022-04-14,Electronics,Accessories,Accessories 41,4,1505.53,904.68,North
911,89,2022-05-02,Clothing,Men,Men 49,3,1067.55,806.84,West
912,29,2022-09-27,Clothing,Men,Men 42,2,891.47,539.23,East
913,34,2022-07-28,Electronics,Accessories,Accessories 38,5,240.26,204.0,North
914,119,2022-01-27,Electronics,Accessories,Accessories 41,3,1225.31,900.72,West
915,134,2022-01-16,Electronics,Accessories,Accessories 37,1,1240.5,914.94,East
916,173,2022-10-17,Furniture,Chairs,Chairs 36,4,656.23,417.17,West
917,197,2022-09-04,Clothing,Kids,Kids 39,1,1080.21,815.17,North
918,114,2022-02-11,Furniture,Sofas,Sofas 4,2,807.39,655.19,East
919,8,2022-05-05,Clothing,Women,Women 2,1,678.37,551.59,North
920,5,2022-06-16,Electronics,Mobiles,Mobiles 10,3,716.39,613.11,West
921,143,2022-01-09,Furniture,Sofas,Sofas 9,2,1177.02,916.58,North
922,58,2022-10-28,Furniture,Tables,Tables 34,4,1097.41,705.23,West
923,66,2022-01-05,Furniture,Sofas,Sofas 28,4,601.74,501.72,South
924,120,2022-01-08,Furniture,Sofas,Sofas 21,1,1674.45,1119.22,South
925,192,2022-09-24,Furniture,Sofas,Sofas 40,3,214.38,160.97,South
926,87,2022-07-21,Furniture,Tables,Tables 20,3,1367.46,1116.46,West
927,24,2022-09-17,Clothing,Women,Women 50,5,846.71,586.83,South
928,98,2022-02-14,Clothing,Men,Men 44,1,549.56,468.11,South
929,174,2022-10-06,Furniture,Sofas,Sofas 16,5,405.15,260.12,West
930,55,2022-07-13,Clothing,Kids,Kids 30,3,832.76,502.23,West
931,45,2022-12-15,Electronics,Mobiles,Mobiles 23,2,807.63,594.91,West
932,94,2022-11-17,Clothing,Men,Men 47,3,546.11,340.07,North
933,60,2022-04-21,Furniture,Sofas,Sofas 35,3,1619.68,1021.77,East
934,60,2022-09-03,Clothing,Women,Women 10,3,952.37,623.33,South
935,170,2022-08-11,Electronics,Mobiles,Mobiles 21,3,541.83,327.99,North
936,90,2022-05-16,Furniture,Chairs,Chairs 16,3,1644.88,1071.04,West
937,38,2022-09-18,Electronics,Mobiles,Mobiles 34,5,1201.32,774.5,North
938,67,2022-04-02,Clothing,Men,Men 43,3,968.7,663.49,South
939,77,2022-08-12,Electronics,Laptops,Laptops 12,2,1303.32,797.42,East
940,93,2022-05-06,Electronics,Laptops,Laptops 27,5,661.15,471.91,East
941,50,2022-04-18,Clothing,Kids,Kids 35,3,1768.5,1156.43,North
942,174,2022-04-10,Furniture,Tables,Tables 24,5,1518.83,1194.34,East
943,150,2022-10-17,Clothing,Men,Men 30,3,535.5,458.79,East
944,125,2022-11-19,Furniture,Tables,Tables 20,3,95.1,66.76,South
945,22,2022-03-02,Furniture,Sofas,Sofas 50,3,1672.24,1207.06,South
946,186,2022-12-01,Furniture,Tables,Tables 32,3,352.99,313.51,East
947,25,2022-06-14,Clothing,Women,Women 50,5,792.18,653.23,West
948,46,2022-03-24,Electronics,Laptops,Laptops 32,2,1874.14,1219.19,West
949,90,2022-12-06,Clothing,Women,Women 43,1,238.22,184.91,South
950,50,2022-08-13,Furniture,Sofas,Sofas 7,1,339.75,282.83,North
951,101,2022-02-14,Furniture,Tables,Tables 31,4,1270.1,976.61,West
952,58,2022-08-05,Electronics,Accessories,Accessories 38,1,1527.6,1326.2,East
953,83,2022-04-27,Furniture,Sofas,Sofas 36,4,163.58,139.11,West
954,124,2022-03-14,Electronics,Laptops,Laptops 18,1,1185.34,843.91,South
955,158,2022-10-26,Clothing,Kids,Kids 22,1,509.64,352.31,South
956,27,2022-11-06,Furniture,Chairs,Chairs 10,2,421.91,371.36,South
957,106,2022-04-12,Furniture,Tables,Tables 36,2,1187.82,831.69,South
958,150,2022-03-04,Clothing,Women,Women 46,5,460.68,340.19,South
959,116,2022-11-25,Clothing,Kids,Kids 31,1,1373.91,1137.64,North
960,71,2022-02-28,Electronics,Accessories,Accessories 49,1,1758.49,1074.89,East
961,163,2022-05-06,Electronics,Mobiles,Mobiles 46,2,645.32,536.98,West
962,121,2022-07-14,Furniture,Tables,Tables 8,3,173.29,132.66,South
963,35,2022-08-15,Clothing,Kids,Kids 20,3,1360.19,1219.01,West
964,168,2022-11-17,Furniture,Sofas,Sofas 38,2,1680.95,1511.93,West
965,107,2022-06-18,Furniture,Sofas,Sofas 28,5,728.65,589.57,West
966,87,2022-08-06,Electronics,Mobiles,Mobiles 9,1,856.76,595.86,West
967,170,2022-03-18,Clothing,Men,Men 11,3,1345.19,1062.21,East
968,20,2022-06-03,Clothing,Women,Women 49,3,201.82,170.61,West
969,99,2022-06-03,Furniture,Tables,Tables 30,3,1091.61,782.03,East
970,44,2022-02-20,Electronics,Laptops,Laptops 14,5,892.12,651.89,South
971,59,2022-02-15,Electronics,Laptops,Laptops 26,3,1554.82,980.12,North
972,141,2022-03-11,Electronics,Mobiles,Mobiles 8,1,767.24,478.81,West
973,184,2022-09-17,Clothing,Men,Men 8,1,106.99,95.41,North
974,14,2022-11-02,Furniture,Sofas,Sofas 35,2,1754.15,1370.68,East
975,170,2022-12-25,Furniture,Tables,Tables 23,4,126.04,100.82,East
976,122,2022-02-21,Electronics,Mobiles,Mobiles 49,5,444.58,368.44,West
977,99,2022-06-26,Electronics,Mobiles,Mobiles 34,3,639.72,513.09,West
978,156,2022-01-09,Electronics,Accessories,Accessories 11,2,1001.3,642.46,South
979,151,2022-07-12,Furniture,Chairs,Chairs 36,3,1833.17,1470.19,North
980,139,2022-12-09,Clothing,Women,Women 34,2,1694.13,1360.02,West
981,31,2022-10-16,Electronics,Accessories,Accessories 23,5,233.32,163.55,East
982,114,2022-12-02,Clothing,Kids,Kids 1,1,1707.08,1510.6,West
983,60,2022-08-26,Furniture,Tables,Tables 41,2,1624.59,1069.75,East
984,184,2022-02-03,Clothing,Men,Men 3,5,281.28,237.16,South
985,108,2022-11-25,Electronics,Mobiles,Mobiles 38,3,1388.11,1183.51,West
986,196,2022-05-10,Clothing,Men,Men 25,5,1766.67,1244.48,West
987,51,2022-04-05,Clothing,Kids,Kids 24,4,1939.41,1256.64,East
988,121,2022-03-26,Furniture,Chairs,Chairs 37,2,1320.78,969.0,North
989,191,2022-11-27,Clothing,Women,Women 48,3,620.34,474.59,North
990,59,2022-10-07,Furniture,Tables,Tables 47,5,191.97,129.92,West
991,64,2022-08-06,Electronics,Mobiles,Mobiles 10,2,1682.19,1111.11,West
992,44,2022-11-01,Electronics,Laptops,Laptops 37,4,727.58,485.61,South
993,93,2022-01-24,Furniture,Tables,Tables 13,4,390.12,284.32,South
994,22,2022-03-11,Furniture,Sofas,Sofas 34,1,833.83,654.33,West
995,57,2022-06-07,Electronics,Accessories,Accessories 12,2,109.51,78.96,North
996,120,2022-03-07,Electronics,Laptops,Laptops 13,1,875.97,556.12,East
997,176,2022-05-07,Furniture,Chairs,Chairs 11,2,1309.63,1150.99,East
998,142,2022-09-19,Furniture,Tables,Tables 29,5,743.37,601.0,East
999,67,2022-02-24,Electronics,Mobiles,Mobiles 50,2,1109.35,946.62,North
1000,107,2022-02-07,Clothing,Men,Men 22,3,823.14,735.89,East
